"","v_timBn","v_nt_tm","v_eag","v_lag","v_mag","v_pllng","v_pallt","v_n_spc","Nrth_Nr","Sth_Nrt","Sth_Sth","Nrth_St","prcnt_n","prcnt_s","lg_v_lg","log_v_g","lg_v_mg","TIME","PLATEID","TIME.1","PLATEID1","NAME"
"1",0.5,"(0,1]",0.126,0.012,0.069,-100.31,37.09,24,23,1,0,0,95.83,4.17,-4.42284862919414,-2.07147337203066,-2.67364877438488,0.5,101,0.5,10024,"NA TeG 2"
"2",0.5,"(0,1]",0.126,0.012,0.069,-100.69,36.79,14,14,0,0,0,100,0,-4.42284862919414,-2.07147337203066,-2.67364877438488,0.5,101,0.5,10024,"NA TeG 2"
"3",0.5,"(0,1]",0.781,0.126,0.454,-101.26,42.14,16,15,1,0,0,93.75,6.25,-2.07147337203066,-0.247180129142451,-0.789658080940789,0.5,101,0.5,10024,"NA TeG 2"
"4",0.5,"(0,1]",0.126,0.012,0.069,-103.9,50.8,10,10,0,0,0,100,0,-4.42284862919414,-2.07147337203066,-2.67364877438488,0.5,101,0.5,10024,"NA TeG 2"
"5",0.5,"(0,1]",0.077,0.007,0.042,-104.2,31.18,51,50,1,0,0,98.04,1.96,-4.96184512992682,-2.56394985712845,-3.17008566069877,0.5,101,0.5,10024,"NA TeG 2"
"6",0.5,"(0,1]",0.126,0.012,0.069,-104.42,32.28,49,47,2,0,0,95.92,4.08,-4.42284862919414,-2.07147337203066,-2.67364877438488,0.5,101,0.5,10024,"NA TeG 2"
"7",0.5,"(0,1]",0.126,0.012,0.069,-104.78,32.35,39,39,0,0,0,100,0,-4.42284862919414,-2.07147337203066,-2.67364877438488,0.5,101,0.5,10024,"NA TeG 2"
"8",0.5,"(0,1]",0.126,1e-04,0.063,-104.8,27,32,32,0,0,0,100,0,-9.21034037197618,-2.07147337203066,-2.7646205525906,0.5,101,0.5,10024,"NA TeG 2"
"9",0.5,"(0,1]",0.126,0.012,0.069,-105,37.3,13,13,0,0,0,100,0,-4.42284862919414,-2.07147337203066,-2.67364877438488,0.5,101,0.5,10024,"NA TeG 2"
"10",0.5,"(0,1]",0.126,0.012,0.069,-105.68,42.78,20,20,0,0,0,100,0,-4.42284862919414,-2.07147337203066,-2.67364877438488,0.5,101,0.5,10024,"NA TeG 2"
"11",0.5,"(0,1]",0.781,0.126,0.454,-105.75,37.37,26,26,0,0,0,100,0,-2.07147337203066,-0.247180129142451,-0.789658080940789,0.5,101,0.5,10027,"NA TeF"
"12",0.5,"(0,1]",0.126,0.012,0.069,-106.52,52.14,23,23,0,0,0,100,0,-4.42284862919414,-2.07147337203066,-2.67364877438488,0.5,101,0.5,10024,"NA TeG 2"
"13",0.5,"(0,1]",0.126,0.012,0.069,-106.88,34.88,40,39,1,0,0,97.5,2.5,-4.42284862919414,-2.07147337203066,-2.67364877438488,0.5,101,0.5,10027,"NA TeF"
"14",0.5,"(0,1]",0.126,0.012,0.069,-107.15,38.48,24,24,0,0,0,100,0,-4.42284862919414,-2.07147337203066,-2.67364877438488,0.5,101,0.5,10027,"NA TeF"
"15",0.5,"(0,1]",0.126,0.012,0.069,-108.2,44.98,24,24,0,0,0,100,0,-4.42284862919414,-2.07147337203066,-2.67364877438488,0.5,101,0.5,10027,"NA TeF"
"16",0.5,"(0,1]",0.126,0.012,0.069,-108.4,31.57,54,52,2,0,0,96.3,3.7,-4.42284862919414,-2.07147337203066,-2.67364877438488,0.5,101,0.5,10027,"NA TeF"
"17",0.5,"(0,1]",0.3,0.012,0.156,-109.65,29.68,24,19,5,0,0,79.17,20.83,-4.42284862919414,-1.20397280432594,-1.8578992717326,0.5,101,0.5,10046,"NA TeG 3"
"18",0.5,"(0,1]",0.126,0.012,0.069,-110.2,32,13,12,1,0,0,92.31,7.69,-4.42284862919414,-2.07147337203066,-2.67364877438488,0.5,101,0.5,10027,"NA TeF"
"19",0.5,"(0,1]",0.126,1e-04,0.063,-110.65,32.55,22,21,1,0,0,95.45,4.55,-9.21034037197618,-2.07147337203066,-2.7646205525906,0.5,101,0.5,10046,"NA TeG 3"
"20",0.5,"(0,1]",0.126,0.012,0.069,-110.65,36.57,12,11,1,0,0,91.67,8.33,-4.42284862919414,-2.07147337203066,-2.67364877438488,0.5,101,0.5,10046,"NA TeG 3"
"21",0.5,"(0,1]",0.126,0.012,0.069,-110.7,50.1,28,26,2,0,0,92.86,7.14,-4.42284862919414,-2.07147337203066,-2.67364877438488,0.5,101,0.5,10024,"NA TeG 2"
"22",0.5,"(0,1]",0.126,0.012,0.069,-111.2,40.9,22,20,2,0,0,90.91,9.09,-4.42284862919414,-2.07147337203066,-2.67364877438488,0.5,178,0.5,10046,"NA TeG 3"
"23",0.5,"(0,1]",0.126,0.012,0.069,-111,29.4,12,12,0,0,0,100,0,-4.42284862919414,-2.07147337203066,-2.67364877438488,0.5,104,0.5,10046,"NA TeG 3"
"24",0.5,"(0,1]",0.126,0.012,0.069,-111.9,40.61,10,9,1,0,0,90,10,-4.42284862919414,-2.07147337203066,-2.67364877438488,0.5,178,0.5,10046,"NA TeG 3"
"25",0.5,"(0,1]",0.126,0.012,0.069,-112.25,32.47,10,9,1,0,0,90,10,-4.42284862919414,-2.07147337203066,-2.67364877438488,0.5,101,0.5,10046,"NA TeG 3"
"26",0.5,"(0,1]",0.126,0.012,0.069,-112.58,44.63,15,15,0,0,0,100,0,-4.42284862919414,-2.07147337203066,-2.67364877438488,0.5,160,0.5,10027,"NA TeF"
"27",0.5,"(0,1]",0.126,0.012,0.069,-112.9,42.8,39,36,3,0,0,92.31,7.69,-4.42284862919414,-2.07147337203066,-2.67364877438488,0.5,178,0.5,10046,"NA TeG 3"
"28",0.5,"(0,1]",0.051,0.004,0.027,-113.1,46.64,36,36,0,0,0,100,0,-5.52146091786225,-2.97592964625781,-3.61191841297781,0.5,160,0.5,10027,"NA TeF"
"29",0.5,"(0,1]",0.126,1e-04,0.063,-114.03,39.48,45,45,0,0,0,100,0,-9.21034037197618,-2.07147337203066,-2.7646205525906,0.5,178,0.5,10046,"NA TeG 3"
"30",0.5,"(0,1]",0.012,1e-04,0.006,-114.37,35.23,26,25,1,0,0,96.15,3.85,-9.21034037197618,-4.42284862919414,-5.11599580975408,0.5,178,0.5,10046,"NA TeG 3"
"31",0.5,"(0,1]",0.126,0.012,0.069,-114.52,50.18,29,29,0,0,0,100,0,-4.42284862919414,-2.07147337203066,-2.67364877438488,0.5,160,0.5,10027,"NA TeF"
"32",0.5,"(0,1]",1.8,0.012,0.906,-116.78,34.84,13,12,1,0,0,92.31,7.69,-4.42284862919414,0.587786664902119,-0.098715972939158,0.5,101,0.5,10046,"NA TeG 3"
"33",0.5,"(0,1]",1.8,0.012,0.906,-117.18,33.34,26,25,1,0,0,96.15,3.85,-4.42284862919414,0.587786664902119,-0.098715972939158,0.5,106,0.5,10046,"NA TeG 3"
"34",0.5,"(0,1]",0.224,0.012,0.118,-117.8,33.6,19,17,2,0,0,89.47,10.53,-4.42284862919414,-1.4961092271271,-2.13707065451647,0.5,106,0.5,10046,"NA TeG 3"
"35",0.5,"(0,1]",0.156,0.012,0.084,-118.19,33.92,53,49,4,0,0,92.45,7.55,-4.42284862919414,-1.8578992717326,-2.47693848013882,0.5,106,0.5,10046,"NA TeG 3"
"36",0.5,"(0,1]",0.126,0.012,0.069,-120.4,36.1,14,14,0,0,0,100,0,-4.42284862919414,-2.07147337203066,-2.67364877438488,0.5,176,0.5,10046,"NA TeG 3"
"37",0.5,"(0,1]",0.126,0.012,0.069,-120.5,43.33,21,20,1,0,0,95.24,4.76,-4.42284862919414,-2.07147337203066,-2.67364877438488,0.5,173,0.5,10046,"NA TeG 3"
"38",0.5,"(0,1]",0.126,0.012,0.069,-121.01,38.91,24,21,3,0,0,87.5,12.5,-4.42284862919414,-2.07147337203066,-2.67364877438488,0.5,176,0.5,10027,"NA TeF"
"39",0.5,"(0,1]",0.126,0.012,0.069,-121.5,38.6,15,14,1,0,0,93.33,6.67,-4.42284862919414,-2.07147337203066,-2.67364877438488,0.5,176,0.5,10046,"NA TeG 3"
"40",0.5,"(0,1]",0.126,0.012,0.069,-122.1,37.9,10,9,1,0,0,90,10,-4.42284862919414,-2.07147337203066,-2.67364877438488,0.5,176,0.5,10046,"NA TeG 3"
"41",0.5,"(0,1]",0.126,0.012,0.069,-122.25,40.85,61,57,4,0,0,93.44,6.56,-4.42284862919414,-2.07147337203066,-2.67364877438488,0.5,178,0.5,10046,"NA TeG 3"
"42",0.5,"(0,1]",0.781,0.126,0.454,-139.31,63.07,13,13,0,0,0,100,0,-2.07147337203066,-0.247180129142451,-0.789658080940789,0.5,125,0.5,10027,"NA TeF"
"43",0.5,"(0,1]",0.187,0.022,0.105,-139.89,68.03,27,26,1,0,0,96.3,3.7,-3.81671282562382,-1.67664666212755,-2.25379492882461,0.5,118,0.5,10021,"NA TeG 1"
"44",0.5,"(0,1]",0.126,1e-04,0.063,-37.83,-5.67,15,0,0,7,8,53.33,46.67,-9.21034037197618,-2.07147337203066,-2.7646205525906,0.5,201,0.5,10012,"SA TrG 2"
"45",0.5,"(0,1]",0.126,1e-04,0.063,-40.86,-10.16,25,0,0,9,16,64,36,-9.21034037197618,-2.07147337203066,-2.7646205525906,0.5,201,0.5,10012,"SA TrG 2"
"46",0.5,"(0,1]",0.126,1e-04,0.063,-41.06,-10.93,11,0,0,5,6,54.55,45.45,-9.21034037197618,-2.07147337203066,-2.7646205525906,0.5,201,0.5,10012,"SA TrG 2"
"47",0.5,"(0,1]",0.126,0.012,0.069,-42.66,-8.98,33,0,0,16,17,51.52,48.48,-4.42284862919414,-2.07147337203066,-2.67364877438488,0.5,201,0.5,10012,"SA TrG 2"
"48",0.5,"(0,1]",0.781,0.012,0.396,-56.26,-34.42,12,0,0,9,3,25,75,-4.42284862919414,-0.247180129142451,-0.926341067727656,0.5,202,0.5,20027,"Pampa"
"49",0.5,"(0,1]",0.781,0.012,0.396,-56.46,-30.42,24,0,0,13,11,45.83,54.17,-4.42284862919414,-0.247180129142451,-0.926341067727656,0.5,202,0.5,20027,"Pampa"
"50",0.5,"(0,1]",0.781,0.012,0.396,-57.13,-34.07,48,0,0,30,18,37.5,62.5,-4.42284862919414,-0.247180129142451,-0.926341067727656,0.5,202,0.5,20027,"Pampa"
"51",0.5,"(0,1]",0.94,0.304,0.622,-57.75,-38.36,24,0,0,20,4,16.67,83.33,-1.19072757757592,-0.061875403718088,-0.474815186242958,0.5,202,0.5,20027,"Pampa"
"52",0.5,"(0,1]",0.802,0.05,0.426,-57.94,-35.99,19,0,0,13,6,31.58,68.42,-2.99573227355399,-0.220646671115623,-0.853315932712767,0.5,202,0.5,20027,"Pampa"
"53",0.5,"(0,1]",0.084,0.007,0.046,-58.05,-37.91,18,0,0,10,8,44.44,55.56,-4.96184512992682,-2.47693848013882,-3.07911388249304,0.5,202,0.5,20027,"Pampa"
"54",0.5,"(0,1]",0.977,0.012,0.494,-58.21,-27.86,13,0,0,7,6,46.15,53.85,-4.42284862919414,-0.023268626939354,-0.705219761794215,0.5,201,0.5,20015,"Chaco"
"55",0.5,"(0,1]",0.781,0.012,0.396,-58.7,-38.57,17,0,0,11,6,35.29,64.71,-4.42284862919414,-0.247180129142451,-0.926341067727656,0.5,202,0.5,20027,"Pampa"
"56",0.5,"(0,1]",0.781,0.012,0.396,-60.38,-37.33,10,0,0,8,2,20,80,-4.42284862919414,-0.247180129142451,-0.926341067727656,0.5,202,0.5,20027,"Pampa"
"57",0.5,"(0,1]",0.012,1e-04,0.006,-60.38,-37,10,0,0,7,3,30,70,-9.21034037197618,-4.42284862919414,-5.11599580975408,0.5,202,0.5,20027,"Pampa"
"58",0.5,"(0,1]",0.781,0.012,0.396,-60.6,-38.75,13,0,0,6,7,53.85,46.15,-4.42284862919414,-0.247180129142451,-0.926341067727656,0.5,202,0.5,20015,"Chaco"
"59",0.5,"(0,1]",0.781,0.012,0.396,-61.34,-38.99,13,0,0,10,3,23.08,76.92,-4.42284862919414,-0.247180129142451,-0.926341067727656,0.5,202,0.5,20015,"Chaco"
"60",0.5,"(0,1]",0.384,0.052,0.218,-61.92,-38.43,65,0,0,37,28,43.08,56.92,-2.95651156040071,-0.95711272639441,-1.52326021619305,0.5,202,0.5,20015,"Chaco"
"61",0.5,"(0,1]",0.551,0.245,0.398,-63.01,-20.88,61,0,0,33,28,45.9,54.1,-1.40649706843741,-0.596020469829223,-0.921303273697699,0.5,201,0.5,20015,"Chaco"
"62",0.5,"(0,1]",0.218,0.078,0.148,-64.67,-21.62,26,0,0,12,14,53.85,46.15,-2.55104645229255,-1.52326021619305,-1.91054300521802,0.5,201,0.5,20006,"Andes"
"63",0.5,"(0,1]",0.126,0.012,0.069,-65.7,-26.92,15,0,0,3,12,80,20,-4.42284862919414,-2.07147337203066,-2.67364877438488,0.5,291,0.5,20012,"Yungas (AH)"
"64",0.5,"(0,1]",0.126,0.012,0.069,-69.55,11.4,16,0,0,7,9,56.25,43.75,-4.42284862919414,-2.07147337203066,-2.67364877438488,0.5,228,0.5,10006,"SA TrG 1"
"65",0.5,"(0,1]",0.103,0.009,0.056,-69.79,-52.11,11,0,0,3,8,72.73,27.27,-4.71053070164592,-2.2730262907525,-2.88240358824699,0.5,280,0.5,20009,"Patagonia"
"66",0.5,"(0,1]",0.126,0.007,0.066,-71.51,-31.93,10,0,0,2,8,80,20,-4.96184512992682,-2.07147337203066,-2.71810053695571,0.5,291,0.5,20024,"Chile Central"
"67",0.5,"(0,1]",0.126,0.012,0.069,-72.24,10.8,29,0,0,13,16,55.17,44.83,-4.42284862919414,-2.07147337203066,-2.67364877438488,0.5,225,0.5,10006,"SA TrG 1"
"68",0.5,"(0,1]",0.102,0.009,0.055,-78.57,38.62,94,93,1,0,0,98.94,1.06,-4.71053070164592,-2.28278246569787,-2.90042209374967,0.5,101,0.5,10027,"NA TeF"
"69",0.5,"(0,1]",0.126,0.009,0.067,-79.6,38.29,98,93,5,0,0,94.9,5.1,-4.71053070164592,-2.07147337203066,-2.70306265959117,0.5,101,0.5,10027,"NA TeF"
"70",0.5,"(0,1]",0.342,0.034,0.188,-80.19,32.83,28,21,7,0,0,75,25,-3.38139475436598,-1.07294454191953,-1.67131331615219,0.5,101,0.5,10027,"NA TeF"
"71",0.5,"(0,1]",0.126,0.012,0.069,-80.17,26.7,14,12,2,0,0,85.71,14.29,-4.42284862919414,-2.07147337203066,-2.67364877438488,0.5,233,0.5,10027,"NA TeF"
"72",0.5,"(0,1]",0.126,0.012,0.069,-80.4,27.64,24,22,2,0,0,91.67,8.33,-4.42284862919414,-2.07147337203066,-2.67364877438488,0.5,101,0.5,10027,"NA TeF"
"73",0.5,"(0,1]",0.126,0.012,0.069,-80.4,25.7,43,40,3,0,0,93.02,6.98,-4.42284862919414,-2.07147337203066,-2.67364877438488,0.5,233,0.5,10027,"NA TeF"
"74",0.5,"(0,1]",0.228,0.012,0.12,-80.46,28.06,49,40,9,0,0,81.63,18.37,-4.42284862919414,-1.4784096500277,-2.12026353620009,0.5,101,0.5,10027,"NA TeF"
"75",0.5,"(0,1]",0.11,0.006,0.058,-80.68,37.3,46,46,0,0,0,100,0,-5.11599580975408,-2.20727491318972,-2.84731226843572,0.5,101,0.5,10027,"NA TeF"
"76",0.5,"(0,1]",0.126,0.012,0.069,-80.5,-4.7,17,0,0,6,11,64.71,35.29,-4.42284862919414,-2.07147337203066,-2.67364877438488,0.5,201,0.5,10036,"SA TrG 3"
"77",0.5,"(0,1]",0.126,0.012,0.069,-80.63,7.92,10,3,7,0,0,30,70,-4.42284862919414,-2.07147337203066,-2.67364877438488,0.5,230,0.5,10043,"NA TrF 3"
"78",0.5,"(0,1]",0.781,0.012,0.396,-80.85,-2.27,14,0,0,8,6,42.86,57.14,-4.42284862919414,-0.247180129142451,-0.926341067727656,0.5,201,0.5,10036,"SA TrG 3"
"79",0.5,"(0,1]",0.225,0.026,0.125,-81.59,36.91,85,82,3,0,0,96.47,3.53,-3.64965874096066,-1.49165487677772,-2.07944154167984,0.5,101,0.5,10027,"NA TeF"
"80",0.5,"(0,1]",0.126,0.012,0.069,-81.09,32,35,29,6,0,0,82.86,17.14,-4.42284862919414,-2.07147337203066,-2.67364877438488,0.5,101,0.5,10027,"NA TeF"
"81",0.5,"(0,1]",0.57,0.012,0.291,-81.09,-4.69,24,0,0,9,15,62.5,37.5,-4.42284862919414,-0.562118918153541,-1.23443201181064,0.5,201,0.5,10036,"SA TrG 3"
"82",0.5,"(0,1]",0.126,0.012,0.069,-81.45,28.72,27,24,3,0,0,88.89,11.11,-4.42284862919414,-2.07147337203066,-2.67364877438488,0.5,101,0.5,10027,"NA TeF"
"83",0.5,"(0,1]",0.126,0.012,0.069,-81.9,27.17,21,16,5,0,0,76.19,23.81,-4.42284862919414,-2.07147337203066,-2.67364877438488,0.5,233,0.5,10027,"NA TeF"
"84",0.5,"(0,1]",0.196,0.012,0.104,-82.2,28.98,64,57,7,0,0,89.06,10.94,-4.42284862919414,-1.62964061975162,-2.26336437984076,0.5,101,0.5,10027,"NA TeF"
"85",0.5,"(0,1]",0.126,0.012,0.069,-82.1,29.8,52,49,3,0,0,94.23,5.77,-4.42284862919414,-2.07147337203066,-2.67364877438488,0.5,101,0.5,10027,"NA TeF"
"86",0.5,"(0,1]",0.156,0.017,0.086,-82.56,29.64,83,77,6,0,0,92.77,7.23,-4.07454193492592,-1.8578992717326,-2.45340798272863,0.5,101,0.5,10027,"NA TeF"
"87",0.5,"(0,1]",0.132,0.012,0.072,-84.49,42.77,26,26,0,0,0,100,0,-4.42284862919414,-2.02495335639577,-2.63108915996608,0.5,101,0.5,10027,"NA TeF"
"88",0.5,"(0,1]",0.126,0.002,0.064,-82.56,36.71,19,18,1,0,0,94.74,5.26,-6.21460809842219,-2.07147337203066,-2.74887219562247,0.5,101,0.5,10027,"NA TeF"
"89",0.5,"(0,1]",0.126,0.012,0.069,-82.5,27.5,18,16,2,0,0,88.89,11.11,-4.42284862919414,-2.07147337203066,-2.67364877438488,0.5,233,0.5,10027,"NA TeF"
"90",0.5,"(0,1]",0.183,0.012,0.097,-82.75,27.8,54,46,8,0,0,85.19,14.81,-4.42284862919414,-1.69826912614072,-2.33304430047875,0.5,233,0.5,10027,"NA TeF"
"91",0.5,"(0,1]",0.126,0.012,0.069,-83.45,40.97,12,11,1,0,0,91.67,8.33,-4.42284862919414,-2.07147337203066,-2.67364877438488,0.5,101,0.5,10027,"NA TeF"
"92",0.5,"(0,1]",0.126,0.012,0.069,-86.5,39,21,21,0,0,0,100,0,-4.42284862919414,-2.07147337203066,-2.67364877438488,0.5,101,0.5,10027,"NA TeF"
"93",0.5,"(0,1]",0.106,0.004,0.055,-86.78,36.18,19,19,0,0,0,100,0,-5.52146091786225,-2.24431618487007,-2.90042209374967,0.5,101,0.5,10027,"NA TeF"
"94",0.5,"(0,1]",0.126,0.012,0.069,-86.85,35.62,10,10,0,0,0,100,0,-4.42284862919414,-2.07147337203066,-2.67364877438488,0.5,101,0.5,10027,"NA TeF"
"95",0.5,"(0,1]",0.126,0.012,0.069,-87.83,34.71,25,23,2,0,0,92,8,-4.42284862919414,-2.07147337203066,-2.67364877438488,0.5,101,0.5,10027,"NA TeF"
"96",0.5,"(0,1]",0.126,0.012,0.069,-90.03,16.25,17,8,9,0,0,47.06,52.94,-4.42284862919414,-2.07147337203066,-2.67364877438488,0.5,205,0.5,10018,"NATrF 1"
"97",0.5,"(0,1]",0.126,0.012,0.069,-90.17,38.9,14,13,1,0,0,92.86,7.14,-4.42284862919414,-2.07147337203066,-2.67364877438488,0.5,101,0.5,10027,"NA TeF"
"98",0.5,"(0,1]",0.126,0.012,0.069,-90.37,38.32,25,24,1,0,0,96,4,-4.42284862919414,-2.07147337203066,-2.67364877438488,0.5,101,0.5,10027,"NA TeF"
"99",0.5,"(0,1]",0.126,1e-04,0.063,-91.83,37.62,37,34,3,0,0,91.89,8.11,-9.21034037197618,-2.07147337203066,-2.7646205525906,0.5,101,0.5,10027,"NA TeF"
"100",0.5,"(0,1]",0.126,0.012,0.069,-95.17,29.65,12,9,3,0,0,75,25,-4.42284862919414,-2.07147337203066,-2.67364877438488,0.5,101,0.5,10027,"NA TeF"
"101",0.5,"(0,1]",0.126,0.012,0.069,-95.9,32.8,10,9,1,0,0,90,10,-4.42284862919414,-2.07147337203066,-2.67364877438488,0.5,101,0.5,10027,"NA TeF"
"102",0.5,"(0,1]",0.126,0.012,0.069,-96.65,32.76,49,46,3,0,0,93.88,6.12,-4.42284862919414,-2.07147337203066,-2.67364877438488,0.5,101,0.5,10027,"NA TeF"
"103",0.5,"(0,1]",0.126,0.012,0.069,-96.97,33.07,20,19,1,0,0,95,5,-4.42284862919414,-2.07147337203066,-2.67364877438488,0.5,101,0.5,10024,"NA TeG 2"
"104",0.5,"(0,1]",0.126,0.012,0.069,-97.15,18.27,12,12,0,0,0,100,0,-4.42284862919414,-2.07147337203066,-2.67364877438488,0.5,215,0.5,10076,"NATrF 5"
"105",0.5,"(0,1]",0.126,0.012,0.069,-97.4,37.7,10,8,2,0,0,80,20,-4.42284862919414,-2.07147337203066,-2.67364877438488,0.5,101,0.5,10024,"NA TeG 2"
"106",0.5,"(0,1]",0.126,0.012,0.069,-97.68,30.63,10,10,0,0,0,100,0,-4.42284862919414,-2.07147337203066,-2.67364877438488,0.5,101,0.5,10024,"NA TeG 2"
"107",0.5,"(0,1]",0.091,0.008,0.049,-98.18,30.32,31,30,1,0,0,96.77,3.23,-4.8283137373023,-2.39689577246529,-3.01593498087151,0.5,101,0.5,10024,"NA TeG 2"
"108",0.5,"(0,1]",1.8,0.012,0.906,-97.96,38.99,16,16,0,0,0,100,0,-4.42284862919414,0.587786664902119,-0.098715972939158,0.5,101,0.5,10024,"NA TeG 2"
"109",0.5,"(0,1]",0.126,0.012,0.069,-98,22.4,22,19,3,0,0,86.36,13.64,-4.42284862919414,-2.07147337203066,-2.67364877438488,0.5,104,0.5,10024,"NA TeG 2"
"110",0.5,"(0,1]",0.126,0.012,0.069,-98.4,29.58,15,15,0,0,0,100,0,-4.42284862919414,-2.07147337203066,-2.67364877438488,0.5,101,0.5,10024,"NA TeG 2"
"111",0.5,"(0,1]",0.126,0.012,0.069,-98.65,35.49,12,12,0,0,0,100,0,-4.42284862919414,-2.07147337203066,-2.67364877438488,0.5,101,0.5,10024,"NA TeG 2"
"112",0.5,"(0,1]",0.126,0.012,0.069,-99.82,24.1,31,29,2,0,0,93.55,6.45,-4.42284862919414,-2.07147337203066,-2.67364877438488,0.5,104,0.5,10027,"NA TeF"
"113",1.5,"(1,2]",1.8,0.3,1.05,-100.2,37,95,92,3,0,0,96.84,3.16,-1.20397280432594,0.587786664902119,0.048790164169432,1.5,101,1.5,10024,"NA TeG 2"
"210",1.5,"(1,2]",1.8,0.3,1.05,-101.08,34.5,33,30,3,0,0,90.91,9.09,-1.20397280432594,0.587786664902119,0.048790164169432,1.5,101,1.5,10024,"NA TeG 2"
"310",1.5,"(1,2]",1.8,0.3,1.05,-101.48,34.5,19,19,0,0,0,100,0,-1.20397280432594,0.587786664902119,0.048790164169432,1.5,101,1.5,10024,"NA TeG 2"
"410",1.5,"(1,2]",1.8,0.3,1.05,-101.68,33.7,30,28,2,0,0,93.33,6.67,-1.20397280432594,0.587786664902119,0.048790164169432,1.5,101,1.5,10024,"NA TeG 2"
"510",1.5,"(1,2]",1.823,0.292,1.057,-101.68,34.99,27,26,1,0,0,96.3,3.7,-1.23100147671386,0.600483495696526,0.055434706888101,1.5,101,1.5,10024,"NA TeG 2"
"610",1.5,"(1,2]",1.8,0.3,1.05,-102.12,21.8,30,25,5,0,0,83.33,16.67,-1.20397280432594,0.587786664902119,0.048790164169432,1.5,104,1.5,10024,"NA TeG 2"
"710",1.5,"(1,2]",1.8,0.3,1.05,-102.24,42.7,33,32,1,0,0,96.97,3.03,-1.20397280432594,0.587786664902119,0.048790164169432,1.5,101,1.5,10024,"NA TeG 2"
"810",1.5,"(1,2]",1.8,0.3,1.05,-102.84,43.8,14,14,0,0,0,100,0,-1.20397280432594,0.587786664902119,0.048790164169432,1.5,101,1.5,10024,"NA TeG 2"
"910",1.5,"(1,2]",1.8,0.3,1.05,-103.02,20.3,16,12,4,0,0,75,25,-1.20397280432594,0.587786664902119,0.048790164169432,1.5,104,1.5,10067,"NATrF 4"
"1010",1.5,"(1,2]",2.588,0.003,1.295,-104.67,31.89,20,18,2,0,0,90,10,-5.80914299031403,0.950885376638654,0.258510695151501,1.5,101,1.5,10024,"NA TeG 2"
"114",1.5,"(1,2]",1.807,0.297,1.052,-105.5,39.44,53,52,1,0,0,98.11,1.89,-1.21402314017944,0.591668011610091,0.050693114315518,1.5,101,1.5,10027,"NA TeF"
"121",1.5,"(1,2]",1.8,0.3,1.05,-106.49,32.01,16,16,0,0,0,100,0,-1.20397280432594,0.587786664902119,0.048790164169432,1.5,101,1.5,10027,"NA TeF"
"131",1.5,"(1,2]",1.8,0.3,1.05,-106.77,36.51,39,38,1,0,0,97.44,2.56,-1.20397280432594,0.587786664902119,0.048790164169432,1.5,101,1.5,10027,"NA TeF"
"141",1.5,"(1,2]",1.8,0.3,1.05,-107.6,50.71,18,17,1,0,0,94.44,5.56,-1.20397280432594,0.587786664902119,0.048790164169432,1.5,101,1.5,10024,"NA TeG 2"
"151",1.5,"(1,2]",1.8,0.3,1.05,-109.99,32.02,25,23,2,0,0,92,8,-1.20397280432594,0.587786664902119,0.048790164169432,1.5,101,1.5,10027,"NA TeF"
"161",1.5,"(1,2]",1.8,0.3,1.05,-110.4,50.12,13,12,1,0,0,92.31,7.69,-1.20397280432594,0.587786664902119,0.048790164169432,1.5,101,1.5,10024,"NA TeG 2"
"171",1.5,"(1,2]",1.8,0.3,1.05,-110.59,31.72,15,15,0,0,0,100,0,-1.20397280432594,0.587786664902119,0.048790164169432,1.5,101,1.5,10046,"NA TeG 3"
"181",1.5,"(1,2]",1.8,0.3,1.05,-111.45,40.82,14,14,0,0,0,100,0,-1.20397280432594,0.587786664902119,0.048790164169432,1.5,178,1.5,10046,"NA TeG 3"
"191",1.5,"(1,2]",1.8,0.3,1.05,-113.86,39.03,14,14,0,0,0,100,0,-1.20397280432594,0.587786664902119,0.048790164169432,1.5,178,1.5,10046,"NA TeG 3"
"201",1.5,"(1,2]",1.8,0.3,1.05,-115.96,34.42,16,13,3,0,0,81.25,18.75,-1.20397280432594,0.587786664902119,0.048790164169432,1.5,101,1.5,10046,"NA TeG 3"
"211",1.5,"(1,2]",1.8,0.3,1.05,-115.67,32.93,10,10,0,0,0,100,0,-1.20397280432594,0.587786664902119,0.048790164169432,1.5,106,1.5,10046,"NA TeG 3"
"221",1.5,"(1,2]",1.804,0.299,1.051,-116.48,32.54,68,62,6,0,0,91.18,8.82,-1.20731170559145,0.590006421640432,0.049742091894814,NA,NA,1.5,10046,"NA TeG 3"
"231",1.5,"(1,2]",1.8,0.3,1.05,-116.41,33.6,78,73,5,0,0,93.59,6.41,-1.20397280432594,0.587786664902119,0.048790164169432,1.5,106,1.5,10027,"NA TeF"
"241",1.5,"(1,2]",1.8,0.3,1.05,-116.78,34.84,37,33,4,0,0,89.19,10.81,-1.20397280432594,0.587786664902119,0.048790164169432,1.5,101,1.5,10027,"NA TeF"
"251",1.5,"(1,2]",1.8,0.3,1.05,-118.22,47.04,10,9,1,0,0,90,10,-1.20397280432594,0.587786664902119,0.048790164169432,1.5,160,1.5,10046,"NA TeG 3"
"261",1.5,"(1,2]",1.8,0.3,1.05,-119.97,37.1,24,21,3,0,0,87.5,12.5,-1.20397280432594,0.587786664902119,0.048790164169432,1.5,176,1.5,10046,"NA TeG 3"
"271",1.5,"(1,2]",1.8,0.3,1.05,-121.85,37.62,23,20,3,0,0,86.96,13.04,-1.20397280432594,0.587786664902119,0.048790164169432,NA,NA,1.5,10046,"NA TeG 3"
"281",1.5,"(1,2]",2.588,0.781,1.685,-136.66,62.94,10,10,0,0,0,100,0,-0.247180129142451,0.950885376638654,0.521765563804325,1.5,125,1.5,10027,"NA TeF"
"291",1.5,"(1,2]",1.8,0.3,1.05,-139.58,68.29,25,25,0,0,0,100,0,-1.20397280432594,0.587786664902119,0.048790164169432,1.5,118,1.5,10021,"NA TeG 1"
"301",1.5,"(1,2]",1.826,0.29,1.058,-147.41,64.93,22,22,0,0,0,100,0,-1.23787435600162,0.602127782172777,0.056380333436108,1.5,125,1.5,10027,"NA TeF"
"311",1.5,"(1,2]",1.8,0.3,1.05,-161.6,66.73,14,14,0,0,0,100,0,-1.20397280432594,0.587786664902119,0.048790164169432,1.5,118,1.5,10021,"NA TeG 1"
"321",1.5,"(1,2]",2.588,0.012,1.3,-35.66,-7.35,13,0,0,7,6,46.15,53.85,-4.42284862919414,0.950885376638654,0.262364264467491,1.5,201,1.5,10012,"SA TrG 2"
"331",1.5,"(1,2]",2.588,0.012,1.3,-39.42,-3.6,16,0,0,6,10,62.5,37.5,-4.42284862919414,0.950885376638654,0.262364264467491,1.5,201,1.5,10012,"SA TrG 2"
"341",1.5,"(1,2]",2.588,1e-04,1.294,-48.4,-24.69,25,0,0,16,9,36,64,-9.21034037197618,0.950885376638654,0.257738196078709,1.5,201,1.5,20018,"Mata Atlantica_ Araucaria Forest (AH)"
"351",1.5,"(1,2]",2.588,1e-04,1.294,-56.42,-21.26,38,0,0,18,20,52.63,47.37,-9.21034037197618,0.950885376638654,0.257738196078709,1.5,201,1.5,10012,"SA TrG 2"
"361",1.5,"(1,2]",2.588,0.012,1.3,-57.22,-25.12,15,0,0,11,4,26.67,73.33,-4.42284862919414,0.950885376638654,0.262364264467491,1.5,201,1.5,20015,"Chaco"
"371",1.5,"(1,2]",2.588,0.012,1.3,-57.53,-38.15,22,0,0,12,10,45.45,54.55,-4.42284862919414,0.950885376638654,0.262364264467491,1.5,202,1.5,20027,"Pampa"
"381",1.5,"(1,2]",2.588,0.781,1.685,-64.41,-21.76,87,0,0,36,51,58.62,41.38,-0.247180129142451,0.950885376638654,0.521765563804325,1.5,201,1.5,20006,"Andes"
"391",1.5,"(1,2]",2.588,0.012,1.3,-73.79,38.88,11,10,1,0,0,90.91,9.09,-4.42284862919414,0.950885376638654,0.262364264467491,1.5,101,1.5,10027,"NA TeF"
"401",1.5,"(1,2]",1.904,0.262,1.083,-74.96,40.08,37,34,3,0,0,91.89,8.11,-1.33941077522104,0.643956936369174,0.079734968018854,1.5,101,1.5,10027,"NA TeF"
"411",1.5,"(1,2]",1.8,0.3,1.05,-76.97,39.73,28,27,1,0,0,96.43,3.57,-1.20397280432594,0.587786664902119,0.048790164169432,1.5,101,1.5,10027,"NA TeF"
"421",1.5,"(1,2]",2.588,0.012,1.3,-77.35,39.58,23,22,1,0,0,95.65,4.35,-4.42284862919414,0.950885376638654,0.262364264467491,1.5,101,1.5,10027,"NA TeF"
"431",1.5,"(1,2]",1.8,0.3,1.05,-78.47,39.54,91,88,3,0,0,96.7,3.3,-1.20397280432594,0.587786664902119,0.048790164169432,1.5,101,1.5,10027,"NA TeF"
"441",1.5,"(1,2]",2.189,0.158,1.173,-79.1,38.6,84,83,1,0,0,98.81,1.19,-1.84516024595517,0.783444818540726,0.159564569671338,1.5,101,1.5,10027,"NA TeF"
"451",1.5,"(1,2]",2.588,0.013,1.3,-79.76,38.28,11,10,1,0,0,90.91,9.09,-4.3428059215206,0.950885376638654,0.262364264467491,1.5,101,1.5,10027,"NA TeF"
"461",1.5,"(1,2]",2.588,0.012,1.3,-80.08,32.5,23,16,7,0,0,69.57,30.43,-4.42284862919414,0.950885376638654,0.262364264467491,1.5,101,1.5,10027,"NA TeF"
"471",1.5,"(1,2]",2.588,0.01,1.299,-80.31,37.57,30,28,2,0,0,93.33,6.67,-4.60517018598809,0.950885376638654,0.261594737688462,1.5,101,1.5,10027,"NA TeF"
"481",1.5,"(1,2]",2.132,0.179,1.155,-80.22,33.1,12,9,3,0,0,75,25,-1.72036947314138,0.757060506303598,0.144100343973757,1.5,101,1.5,10027,"NA TeF"
"491",1.5,"(1,2]",1.8,0.3,1.05,-80.62,27.77,13,9,4,0,0,69.23,30.77,-1.20397280432594,0.587786664902119,0.048790164169432,1.5,101,1.5,10027,"NA TeF"
"501",1.5,"(1,2]",2.588,0.012,1.3,-81.32,31.16,14,11,3,0,0,78.57,21.43,-4.42284862919414,0.950885376638654,0.262364264467491,1.5,101,1.5,10027,"NA TeF"
"511",1.5,"(1,2]",1.8,0.3,1.05,-81.76,27.85,34,24,10,0,0,70.59,29.41,-1.20397280432594,0.587786664902119,0.048790164169432,1.5,233,1.5,10027,"NA TeF"
"521",1.5,"(1,2]",1.8,0.3,1.05,-81.82,26.93,34,26,8,0,0,76.47,23.53,-1.20397280432594,0.587786664902119,0.048790164169432,1.5,233,1.5,10027,"NA TeF"
"531",1.5,"(1,2]",1.8,0.3,1.05,-81.94,28.75,51,43,8,0,0,84.31,15.69,-1.20397280432594,0.587786664902119,0.048790164169432,1.5,101,1.5,10027,"NA TeF"
"541",1.5,"(1,2]",1.8,0.3,1.05,-81.9,29.75,22,18,4,0,0,81.82,18.18,-1.20397280432594,0.587786664902119,0.048790164169432,1.5,101,1.5,10027,"NA TeF"
"551",1.5,"(1,2]",1.997,0.228,1.112,-82.27,36.55,25,25,0,0,0,100,0,-1.4784096500277,0.691646054433678,0.106160195828391,1.5,101,1.5,10027,"NA TeF"
"561",1.5,"(1,2]",1.8,0.3,1.05,-82.27,27.66,40,33,7,0,0,82.5,17.5,-1.20397280432594,0.587786664902119,0.048790164169432,1.5,233,1.5,10027,"NA TeF"
"571",1.5,"(1,2]",1.8,0.3,1.05,-82.35,29.49,62,51,11,0,0,82.26,17.74,-1.20397280432594,0.587786664902119,0.048790164169432,1.5,101,1.5,10027,"NA TeF"
"581",1.5,"(1,2]",1.8,0.3,1.05,-82.47,28.96,29,26,3,0,0,89.66,10.34,-1.20397280432594,0.587786664902119,0.048790164169432,1.5,101,1.5,10027,"NA TeF"
"591",1.5,"(1,2]",2.588,0.012,1.3,-82.82,36.3,20,20,0,0,0,100,0,-4.42284862919414,0.950885376638654,0.262364264467491,1.5,101,1.5,10027,"NA TeF"
"601",1.5,"(1,2]",2.588,0.012,1.3,-83.83,35.99,19,18,1,0,0,94.74,5.26,-4.42284862919414,0.950885376638654,0.262364264467491,1.5,101,1.5,10027,"NA TeF"
"611",1.5,"(1,2]",2.588,0.012,1.3,-84.58,34.15,41,39,2,0,0,95.12,4.88,-4.42284862919414,0.950885376638654,0.262364264467491,1.5,101,1.5,10027,"NA TeF"
"621",1.5,"(1,2]",1.8,0.3,1.05,-87.68,34.66,13,11,2,0,0,84.62,15.38,-1.20397280432594,0.587786664902119,0.048790164169432,1.5,101,1.5,10027,"NA TeF"
"631",1.5,"(1,2]",2.588,0.126,1.357,-89.13,13.73,12,8,4,0,0,66.67,33.33,-2.07147337203066,0.950885376638654,0.305276380852732,1.5,204,1.5,10018,"NATrF 1"
"641",1.5,"(1,2]",2.588,0.012,1.3,-90.17,42.39,12,11,1,0,0,91.67,8.33,-4.42284862919414,0.950885376638654,0.262364264467491,1.5,101,1.5,10024,"NA TeG 2"
"651",1.5,"(1,2]",2.588,0.012,1.3,-91.19,31.53,10,7,3,0,0,70,30,-4.42284862919414,0.950885376638654,0.262364264467491,1.5,101,1.5,10027,"NA TeF"
"661",1.5,"(1,2]",1.8,0.3,1.05,-92.97,35.98,41,40,1,0,0,97.56,2.44,-1.20397280432594,0.587786664902119,0.048790164169432,1.5,101,1.5,10027,"NA TeF"
"671",1.5,"(1,2]",1.8,0.3,1.05,-95.75,41.88,29,27,2,0,0,93.1,6.9,-1.20397280432594,0.587786664902119,0.048790164169432,1.5,101,1.5,10024,"NA TeG 2"
"681",1.5,"(1,2]",1.8,0.3,1.05,-96.35,41.18,17,16,1,0,0,94.12,5.88,-1.20397280432594,0.587786664902119,0.048790164169432,1.5,101,1.5,10024,"NA TeG 2"
"691",1.5,"(1,2]",2.588,0.012,1.3,-97.23,28.11,13,9,4,0,0,69.23,30.77,-4.42284862919414,0.950885376638654,0.262364264467491,1.5,101,1.5,10024,"NA TeG 2"
"701",1.5,"(1,2]",1.8,0.3,1.05,-97.36,38.29,46,43,3,0,0,93.48,6.52,-1.20397280432594,0.587786664902119,0.048790164169432,1.5,101,1.5,10024,"NA TeG 2"
"711",1.5,"(1,2]",1.8,0.3,1.05,-97.89,38.69,44,42,2,0,0,95.45,4.55,-1.20397280432594,0.587786664902119,0.048790164169432,1.5,101,1.5,10024,"NA TeG 2"
"721",1.5,"(1,2]",1.8,0.3,1.05,-97.85,39.79,22,21,1,0,0,95.45,4.55,-1.20397280432594,0.587786664902119,0.048790164169432,1.5,101,1.5,10024,"NA TeG 2"
"731",1.5,"(1,2]",1.8,0.3,1.05,-97.85,40.34,57,55,2,0,0,96.49,3.51,-1.20397280432594,0.587786664902119,0.048790164169432,1.5,101,1.5,10024,"NA TeG 2"
"741",1.5,"(1,2]",1.8,0.3,1.05,-98.68,34.39,17,14,3,0,0,82.35,17.65,-1.20397280432594,0.587786664902119,0.048790164169432,1.5,101,1.5,10024,"NA TeG 2"
"751",1.5,"(1,2]",1.8,0.3,1.05,-99.16,38.89,16,16,0,0,0,100,0,-1.20397280432594,0.587786664902119,0.048790164169432,1.5,101,1.5,10024,"NA TeG 2"
"761",1.5,"(1,2]",1.8,0.3,1.05,-99.15,40.19,14,14,0,0,0,100,0,-1.20397280432594,0.587786664902119,0.048790164169432,1.5,101,1.5,10024,"NA TeG 2"
"771",1.5,"(1,2]",1.8,0.3,1.05,-99.45,33.84,82,76,6,0,0,92.68,7.32,-1.20397280432594,0.587786664902119,0.048790164169432,1.5,101,1.5,10024,"NA TeG 2"
"781",1.5,"(1,2]",1.8,0.3,1.05,-99.59,45.43,26,26,0,0,0,100,0,-1.20397280432594,0.587786664902119,0.048790164169432,1.5,101,1.5,10024,"NA TeG 2"
"791",1.5,"(1,2]",1.8,0.3,1.05,-99.67,36.69,23,22,1,0,0,95.65,4.35,-1.20397280432594,0.587786664902119,0.048790164169432,1.5,101,1.5,10024,"NA TeG 2"
"115",2.5,"(2,3]",4.9,0.3,2.6,-106.06,32.03,14,10,4,0,0,71.43,28.57,-1.20397280432594,1.58923520511658,0.955511445027436,2.5,101,2.5,10027,"NA TeF"
"212",2.5,"(2,3]",4.9,0.3,2.6,-108.84,32.63,15,14,1,0,0,93.33,6.67,-1.20397280432594,1.58923520511658,0.955511445027436,2.5,101,2.5,10027,"NA TeF"
"312",2.5,"(2,3]",4.9,0.3,2.6,-111.72,35.77,14,14,0,0,0,100,0,-1.20397280432594,1.58923520511658,0.955511445027436,2.5,101,2.5,10046,"NA TeG 3"
"412",2.5,"(2,3]",4.9,0.3,2.6,-81.5,29.64,26,18,8,0,0,69.23,30.77,-1.20397280432594,1.58923520511658,0.955511445027436,2.5,101,2.5,10027,"NA TeF"
"512",2.5,"(2,3]",4.9,0.3,2.6,-81.96,29.53,17,9,8,0,0,52.94,47.06,-1.20397280432594,1.58923520511658,0.955511445027436,2.5,101,2.5,10027,"NA TeF"
"612",2.5,"(2,3]",4.9,0.3,2.6,-96.62,42.95,10,9,1,0,0,90,10,-1.20397280432594,1.58923520511658,0.955511445027436,2.5,101,2.5,10024,"NA TeG 2"
"116",3.5,"(3,4]",4.9,1.8,3.35,-99.69,37.15,113,111,2,0,0,98.23,1.77,0.587786664902119,1.58923520511658,1.20896034583698,3.5,101,3.5,10024,"NA TeG 2"
"213",3.5,"(3,4]",4.9,1.8,3.35,-99.22,42.68,36,36,0,0,0,100,0,0.587786664902119,1.58923520511658,1.20896034583698,3.5,101,3.5,10024,"NA TeG 2"
"313",3.5,"(3,4]",4.9,1.8,3.35,-100.21,21.1,31,24,7,0,0,77.42,22.58,0.587786664902119,1.58923520511658,1.20896034583698,3.5,104,3.5,10024,"NA TeG 2"
"413",3.5,"(3,4]",4.9,1.8,3.35,-100.2,37.08,21,21,0,0,0,100,0,0.587786664902119,1.58923520511658,1.20896034583698,3.5,101,3.5,10024,"NA TeG 2"
"513",3.5,"(3,4]",4.9,1.8,3.35,-100.27,32.7,47,47,0,0,0,100,0,0.587786664902119,1.58923520511658,1.20896034583698,3.5,101,3.5,10024,"NA TeG 2"
"613",3.5,"(3,4]",4.9,1.8,3.35,-100.44,33.68,41,38,3,0,0,92.68,7.32,0.587786664902119,1.58923520511658,1.20896034583698,3.5,101,3.5,10024,"NA TeG 2"
"712",3.5,"(3,4]",4.9,1.8,3.35,-100.6,19.69,10,10,0,0,0,100,0,0.587786664902119,1.58923520511658,1.20896034583698,3.5,215,3.5,10027,"NA TeF"
"811",3.5,"(3,4]",4.9,1.8,3.35,-100.23,41.98,12,12,0,0,0,100,0,0.587786664902119,1.58923520511658,1.20896034583698,3.5,101,3.5,10024,"NA TeG 2"
"911",3.5,"(3,4]",4.9,1.8,3.35,-100.96,34.87,28,25,3,0,0,89.29,10.71,0.587786664902119,1.58923520511658,1.20896034583698,3.5,101,3.5,10024,"NA TeG 2"
"1011",3.5,"(3,4]",4.9,1.8,3.35,-101.64,41.39,15,14,1,0,0,93.33,6.67,0.587786664902119,1.58923520511658,1.20896034583698,3.5,101,3.5,10024,"NA TeG 2"
"117",3.5,"(3,4]",4.9,1.8,3.35,-101.82,35.4,12,11,1,0,0,91.67,8.33,0.587786664902119,1.58923520511658,1.20896034583698,3.5,101,3.5,10024,"NA TeG 2"
"122",3.5,"(3,4]",4.9,1.8,3.35,-102.34,41.7,27,25,2,0,0,92.59,7.41,0.587786664902119,1.58923520511658,1.20896034583698,3.5,101,3.5,10024,"NA TeG 2"
"132",3.5,"(3,4]",4.9,1.8,3.35,-104.56,31.52,35,31,4,0,0,88.57,11.43,0.587786664902119,1.58923520511658,1.20896034583698,3.5,101,3.5,10024,"NA TeG 2"
"142",3.5,"(3,4]",4.9,1.8,3.35,-104.3,37.32,13,12,1,0,0,92.31,7.69,0.587786664902119,1.58923520511658,1.20896034583698,3.5,101,3.5,10024,"NA TeG 2"
"152",3.5,"(3,4]",4.9,1.8,3.35,-106.06,32.03,19,17,2,0,0,89.47,10.53,0.587786664902119,1.58923520511658,1.20896034583698,3.5,101,3.5,10027,"NA TeF"
"162",3.5,"(3,4]",4.9,1.8,3.35,-106.65,33.13,16,16,0,0,0,100,0,0.587786664902119,1.58923520511658,1.20896034583698,3.5,101,3.5,10027,"NA TeF"
"172",3.5,"(3,4]",4.9,1.8,3.35,-106.34,34.03,11,10,1,0,0,90.91,9.09,0.587786664902119,1.58923520511658,1.20896034583698,3.5,101,3.5,10027,"NA TeF"
"182",3.5,"(3,4]",4.9,1.8,3.35,-106.8,28.53,12,12,0,0,0,100,0,0.587786664902119,1.58923520511658,1.20896034583698,3.5,101,3.5,10027,"NA TeF"
"192",3.5,"(3,4]",4.9,1.8,3.35,-107.85,33.04,13,13,0,0,0,100,0,0.587786664902119,1.58923520511658,1.20896034583698,3.5,101,3.5,10027,"NA TeF"
"202",3.5,"(3,4]",4.9,1.8,3.35,-108.42,32.88,35,32,3,0,0,91.43,8.57,0.587786664902119,1.58923520511658,1.20896034583698,3.5,101,3.5,10027,"NA TeF"
"214",3.5,"(3,4]",4.9,1.8,3.35,-108.8,32.74,10,10,0,0,0,100,0,0.587786664902119,1.58923520511658,1.20896034583698,3.5,101,3.5,10027,"NA TeF"
"222",3.5,"(3,4]",4.9,1.8,3.35,-107.19,22.16,18,17,1,0,0,94.44,5.56,0.587786664902119,1.58923520511658,1.20896034583698,3.5,105,3.5,10046,"NA TeG 3"
"232",3.5,"(3,4]",4.9,1.8,3.35,-108.95,33.05,47,43,4,0,0,91.49,8.51,0.587786664902119,1.58923520511658,1.20896034583698,3.5,101,3.5,10027,"NA TeF"
"242",3.5,"(3,4]",4.9,1.8,3.35,-109.31,32.95,12,12,0,0,0,100,0,0.587786664902119,1.58923520511658,1.20896034583698,3.5,101,3.5,10027,"NA TeF"
"252",3.5,"(3,4]",4.9,1.8,3.35,-109.61,32.04,71,67,4,0,0,94.37,5.63,0.587786664902119,1.58923520511658,1.20896034583698,3.5,101,3.5,10046,"NA TeG 3"
"262",3.5,"(3,4]",4.9,1.8,3.35,-111.28,34.84,17,17,0,0,0,100,0,0.587786664902119,1.58923520511658,1.20896034583698,3.5,101,3.5,10027,"NA TeF"
"272",3.5,"(3,4]",4.9,1.8,3.35,-111.83,34.58,22,22,0,0,0,100,0,0.587786664902119,1.58923520511658,1.20896034583698,3.5,101,3.5,10046,"NA TeG 3"
"282",3.5,"(3,4]",4.9,1.8,3.35,-113.6,37.89,26,26,0,0,0,100,0,0.587786664902119,1.58923520511658,1.20896034583698,3.5,178,3.5,10046,"NA TeG 3"
"292",3.5,"(3,4]",4.9,1.8,3.35,-113.87,31.79,33,28,5,0,0,84.85,15.15,0.587786664902119,1.58923520511658,1.20896034583698,3.5,106,3.5,10046,"NA TeG 3"
"302",3.5,"(3,4]",4.9,1.8,3.35,-114.15,42.9,43,42,1,0,0,97.67,2.33,0.587786664902119,1.58923520511658,1.20896034583698,3.5,173,3.5,10046,"NA TeG 3"
"314",3.5,"(3,4]",4.9,1.8,3.35,-114.52,35.8,14,14,0,0,0,100,0,0.587786664902119,1.58923520511658,1.20896034583698,3.5,178,3.5,10046,"NA TeG 3"
"322",3.5,"(3,4]",4.9,1.8,3.35,-115.08,43.05,19,19,0,0,0,100,0,0.587786664902119,1.58923520511658,1.20896034583698,3.5,173,3.5,10046,"NA TeG 3"
"332",3.5,"(3,4]",4.9,1.8,3.35,-115.57,36.1,17,17,0,0,0,100,0,0.587786664902119,1.58923520511658,1.20896034583698,3.5,178,3.5,10046,"NA TeG 3"
"342",3.5,"(3,4]",4.9,1.8,3.35,-116.02,43.71,15,15,0,0,0,100,0,0.587786664902119,1.58923520511658,1.20896034583698,3.5,173,3.5,10046,"NA TeG 3"
"352",3.5,"(3,4]",4.848,1.832,3.34,-115.25,32.14,80,75,5,0,0,93.75,6.25,0.605408266251939,1.57856624876701,1.20597080698861,NA,NA,3.5,10046,"NA TeG 3"
"362",3.5,"(3,4]",4.9,1.8,3.35,-115.14,31.86,14,14,0,0,0,100,0,0.587786664902119,1.58923520511658,1.20896034583698,NA,NA,3.5,10046,"NA TeG 3"
"372",3.5,"(3,4]",4.9,1.8,3.35,-115.57,33.3,62,60,2,0,0,96.77,3.23,0.587786664902119,1.58923520511658,1.20896034583698,3.5,106,3.5,10046,"NA TeG 3"
"382",3.5,"(3,4]",4.9,1.8,3.35,-117.23,43.12,38,34,4,0,0,89.47,10.53,0.587786664902119,1.58923520511658,1.20896034583698,3.5,173,3.5,10046,"NA TeG 3"
"392",3.5,"(3,4]",4.9,1.8,3.35,-117.83,35.42,14,14,0,0,0,100,0,0.587786664902119,1.58923520511658,1.20896034583698,3.5,176,3.5,10046,"NA TeG 3"
"402",3.5,"(3,4]",4.9,1.8,3.35,-117.67,47.12,39,38,1,0,0,97.44,2.56,0.587786664902119,1.58923520511658,1.20896034583698,3.5,160,3.5,10046,"NA TeG 3"
"414",3.5,"(3,4]",4.9,1.8,3.35,-118.28,46.43,28,27,1,0,0,96.43,3.57,0.587786664902119,1.58923520511658,1.20896034583698,3.5,173,3.5,10046,"NA TeG 3"
"422",3.5,"(3,4]",4.9,1.8,3.35,-118.79,38.93,26,24,2,0,0,92.31,7.69,0.587786664902119,1.58923520511658,1.20896034583698,3.5,178,3.5,10027,"NA TeF"
"432",3.5,"(3,4]",4.9,1.8,3.35,-121.48,40.15,10,9,1,0,0,90,10,0.587786664902119,1.58923520511658,1.20896034583698,3.5,176,3.5,10046,"NA TeG 3"
"442",3.5,"(3,4]",3.6,2.588,3.094,-58,-34.89,16,0,0,12,4,25,75,0.950885376638654,1.28093384546206,1.12946475215087,3.5,202,3.5,20027,"pampa"
"452",3.5,"(3,4]",5.333,2.588,3.961,-65.04,-33.97,14,0,0,14,0,0,100,0.950885376638654,1.67391393161847,1.37649651863978,3.5,291,3.5,20015,"Chaco"
"462",3.5,"(3,4]",3.6,2.588,3.094,-70.35,10.55,10,0,0,9,1,10,90,0.950885376638654,1.28093384546206,1.12946475215087,3.5,228,3.5,10015,"SA TrF 2"
"472",3.5,"(3,4]",3.6,2.588,3.094,-71.46,11.05,12,0,0,10,2,16.67,83.33,0.950885376638654,1.28093384546206,1.12946475215087,3.5,228,3.5,10015,"SA TrF 2"
"482",3.5,"(3,4]",4.9,1.8,3.35,-80.23,27.13,20,12,8,0,0,60,40,0.587786664902119,1.58923520511658,1.20896034583698,3.5,101,3.5,10027,"NA TeF"
"492",3.5,"(3,4]",4.9,1.8,3.35,-81.44,26.82,11,8,3,0,0,72.73,27.27,0.587786664902119,1.58923520511658,1.20896034583698,3.5,233,3.5,10027,"NA TeF"
"502",3.5,"(3,4]",4.9,1.8,3.35,-81.5,29.64,22,18,4,0,0,81.82,18.18,0.587786664902119,1.58923520511658,1.20896034583698,3.5,101,3.5,10027,"NA TeF"
"514",3.5,"(3,4]",4.857,1.826,3.341,-81.87,27.19,23,18,5,0,0,78.26,21.74,0.602127782172777,1.58042096336361,1.20627016337462,3.5,233,3.5,10027,"NA TeF"
"522",3.5,"(3,4]",4.9,1.8,3.35,-82.06,29.05,50,41,9,0,0,82,18,0.587786664902119,1.58923520511658,1.20896034583698,3.5,101,3.5,10027,"NA TeF"
"532",3.5,"(3,4]",4.9,1.8,3.35,-82.01,29.69,24,19,5,0,0,79.17,20.83,0.587786664902119,1.58923520511658,1.20896034583698,3.5,101,3.5,10027,"NA TeF"
"542",3.5,"(3,4]",4.9,1.8,3.35,-96.96,39.86,41,40,1,0,0,97.56,2.44,0.587786664902119,1.58923520511658,1.20896034583698,3.5,101,3.5,10024,"NA TeG 2"
"552",3.5,"(3,4]",4.9,1.8,3.35,-97.34,42.45,29,27,2,0,0,93.1,6.9,0.587786664902119,1.58923520511658,1.20896034583698,3.5,101,3.5,10024,"NA TeG 2"
"562",3.5,"(3,4]",4.9,1.8,3.35,-97.3,37.46,17,17,0,0,0,100,0,0.587786664902119,1.58923520511658,1.20896034583698,3.5,101,3.5,10024,"NA TeG 2"
"572",3.5,"(3,4]",3.786,2.475,3.131,-98.75,19.93,14,13,1,0,0,92.86,7.14,0.906240396020654,1.33131005278713,1.14135244234427,3.5,104,3.5,10027,"NA TeF"
"118",4.5,"(4,5]",5.333,3.6,4.466,-60.99,-39.33,48,0,0,44,4,8.33,91.67,1.28093384546206,1.67391393161847,1.49649315341797,4.5,202,4.5,20015,"Chaco"
"215",4.5,"(4,5]",6.8,3,4.9,-64.64,-20.33,16,0,0,16,0,0,100,1.09861228866811,1.91692261218206,1.58923520511658,4.5,201,4.5,20012,"Yungas"
"315",4.5,"(4,5]",6.8,3,4.9,-65.19,-27.29,29,0,0,27,2,6.9,93.1,1.09861228866811,1.91692261218206,1.58923520511658,4.5,291,4.5,20012,"Yungas"
"415",4.5,"(4,5]",5.333,3.6,4.466,-65.49,-19.32,12,0,0,12,0,0,100,1.28093384546206,1.67391393161847,1.49649315341797,4.5,201,4.5,20006,"Andes"
"515",4.5,"(4,5]",5.333,3.6,4.466,-67.61,-29.14,13,0,0,13,0,0,100,1.28093384546206,1.67391393161847,1.49649315341797,4.5,291,4.5,20012,"Yungas"
"614",4.5,"(4,5]",5.333,3.6,4.466,-75.96,35.09,15,15,0,0,0,100,0,1.28093384546206,1.67391393161847,1.49649315341797,4.5,101,4.5,10027,"NA TeF"
"713",4.5,"(4,5]",5.333,3.6,4.466,-81.03,27.68,10,10,0,0,0,100,0,1.28093384546206,1.67391393161847,1.49649315341797,4.5,101,4.5,10027,"NA TeF"
"119",5.5,"(5,6]",6.8,4,5.4,-60.08,-38.6,18,0,0,17,1,5.56,94.44,1.38629436111989,1.91692261218206,1.68639895357023,5.5,202,5.5,20015,"Chaco"
"216",5.5,"(5,6]",6.8,4,5.4,-60.76,-39.58,34,0,0,32,2,5.88,94.12,1.38629436111989,1.91692261218206,1.68639895357023,5.5,202,5.5,20015,"Chaco"
"120",6.5,"(6,7]",10.3,1.8,6.05,-81.14,36.09,11,11,0,0,0,100,0,0.587786664902119,2.33214389523559,1.80005827204275,6.5,101,6.5,10027,"NA TeF"
"217",6.5,"(6,7]",10.3,1.8,6.05,-84.34,40.17,19,19,0,0,0,100,0,0.587786664902119,2.33214389523559,1.80005827204275,6.5,101,6.5,10027,"NA TeF"
"123",7.5,"(7,8]",10.3,4.9,7.6,-98.2,35.94,80,76,4,0,0,95,5,1.58923520511658,2.33214389523559,2.02814824729229,7.5,101,7.5,10024,"NA TeG 2"
"218",7.5,"(7,8]",10.3,4.9,7.6,-98.41,36.84,16,16,0,0,0,100,0,1.58923520511658,2.33214389523559,2.02814824729229,7.5,101,7.5,10024,"NA TeG 2"
"316",7.5,"(7,8]",10.3,4.9,7.6,-98.51,40.42,38,36,2,0,0,94.74,5.26,1.58923520511658,2.33214389523559,2.02814824729229,7.5,101,7.5,10024,"NA TeG 2"
"416",7.5,"(7,8]",10.3,4.9,7.6,-99.3,21.06,42,39,3,0,0,92.86,7.14,1.58923520511658,2.33214389523559,2.02814824729229,7.5,104,7.5,10024,"NA TeG 2"
"516",7.5,"(7,8]",10.3,4.9,7.6,-99.5,34.94,22,22,0,0,0,100,0,1.58923520511658,2.33214389523559,2.02814824729229,7.5,101,7.5,10024,"NA TeG 2"
"615",7.5,"(7,8]",10.3,4.9,7.6,-99.55,36.64,28,27,1,0,0,96.43,3.57,1.58923520511658,2.33214389523559,2.02814824729229,7.5,101,7.5,10024,"NA TeG 2"
"714",7.5,"(7,8]",10.3,4.9,7.6,-99.74,33.64,16,16,0,0,0,100,0,1.58923520511658,2.33214389523559,2.02814824729229,7.5,101,7.5,10024,"NA TeG 2"
"812",7.5,"(7,8]",10.3,4.9,7.6,-99.77,38.85,28,28,0,0,0,100,0,1.58923520511658,2.33214389523559,2.02814824729229,7.5,101,7.5,10024,"NA TeG 2"
"912",7.5,"(7,8]",10.3,4.9,7.6,-99.76,39.24,22,22,0,0,0,100,0,1.58923520511658,2.33214389523559,2.02814824729229,7.5,101,7.5,10024,"NA TeG 2"
"1012",7.5,"(7,8]",10.3,4.9,7.6,-99.79,41.17,45,44,1,0,0,97.78,2.22,1.58923520511658,2.33214389523559,2.02814824729229,7.5,101,7.5,10024,"NA TeG 2"
"1110",7.5,"(7,8]",10.3,4.9,7.6,-100.1,34.95,16,15,1,0,0,93.75,6.25,1.58923520511658,2.33214389523559,2.02814824729229,7.5,101,7.5,10024,"NA TeG 2"
"124",7.5,"(7,8]",10.3,4.9,7.6,-100.23,40.06,18,18,0,0,0,100,0,1.58923520511658,2.33214389523559,2.02814824729229,7.5,101,7.5,10024,"NA TeG 2"
"133",7.5,"(7,8]",10.3,4.9,7.6,-101.51,21.67,13,12,1,0,0,92.31,7.69,1.58923520511658,2.33214389523559,2.02814824729229,7.5,104,7.5,10024,"NA TeG 2"
"143",7.5,"(7,8]",10.3,4.9,7.6,-101.41,29.24,13,13,0,0,0,100,0,1.58923520511658,2.33214389523559,2.02814824729229,7.5,101,7.5,10024,"NA TeG 2"
"153",7.5,"(7,8]",10.3,4.9,7.6,-100.99,41.07,10,9,1,0,0,90,10,1.58923520511658,2.33214389523559,2.02814824729229,7.5,101,7.5,10024,"NA TeG 2"
"163",7.5,"(7,8]",10.3,4.9,7.6,-101.74,42.39,31,30,1,0,0,96.77,3.23,1.58923520511658,2.33214389523559,2.02814824729229,7.5,101,7.5,10024,"NA TeG 2"
"173",7.5,"(7,8]",10.3,4.9,7.6,-102.7,20.2,12,12,0,0,0,100,0,1.58923520511658,2.33214389523559,2.02814824729229,7.5,215,7.5,10027,"NA TeF"
"183",7.5,"(7,8]",10.3,4.9,7.6,-105.1,34.86,15,15,0,0,0,100,0,1.58923520511658,2.33214389523559,2.02814824729229,7.5,101,7.5,10027,"NA TeF"
"193",7.5,"(7,8]",10.3,4.9,7.6,-105.15,36.56,27,25,2,0,0,92.59,7.41,1.58923520511658,2.33214389523559,2.02814824729229,7.5,101,7.5,10027,"NA TeF"
"203",7.5,"(7,8]",10.3,4.9,7.6,-106.38,28.88,32,32,0,0,0,100,0,1.58923520511658,2.33214389523559,2.02814824729229,7.5,101,7.5,10027,"NA TeF"
"219",7.5,"(7,8]",10.3,4.9,7.6,-108.28,35.92,18,18,0,0,0,100,0,1.58923520511658,2.33214389523559,2.02814824729229,7.5,101,7.5,10046,"NA TeG 3"
"223",7.5,"(7,8]",10.3,4.9,7.6,-108.88,32.64,30,30,0,0,0,100,0,1.58923520511658,2.33214389523559,2.02814824729229,7.5,101,7.5,10046,"NA TeG 3"
"233",7.5,"(7,8]",10.3,4.9,7.6,-109.07,33.04,11,11,0,0,0,100,0,1.58923520511658,2.33214389523559,2.02814824729229,7.5,101,7.5,10046,"NA TeG 3"
"243",7.5,"(7,8]",10.3,4.9,7.6,-109.83,51.66,10,10,0,0,0,100,0,1.58923520511658,2.33214389523559,2.02814824729229,7.5,101,7.5,10024,"NA TeG 2"
"253",7.5,"(7,8]",10.3,4.9,7.6,-111.62,34.89,19,19,0,0,0,100,0,1.58923520511658,2.33214389523559,2.02814824729229,7.5,178,7.5,10046,"NA TeG 3"
"263",7.5,"(7,8]",10.3,4.9,7.6,-112.42,38.01,11,11,0,0,0,100,0,1.58923520511658,2.33214389523559,2.02814824729229,7.5,178,7.5,10046,"NA TeG 3"
"273",7.5,"(7,8]",10.3,4.9,7.6,-114.94,42.28,13,13,0,0,0,100,0,1.58923520511658,2.33214389523559,2.02814824729229,7.5,178,7.5,10046,"NA TeG 3"
"283",7.5,"(7,8]",10.3,4.9,7.6,-114.48,33.45,20,18,2,0,0,90,10,1.58923520511658,2.33214389523559,2.02814824729229,7.5,106,7.5,10046,"NA TeG 3"
"293",7.5,"(7,8]",10.3,4.9,7.6,-115.22,35.07,13,13,0,0,0,100,0,1.58923520511658,2.33214389523559,2.02814824729229,7.5,101,7.5,10046,"NA TeG 3"
"303",7.5,"(7,8]",10.3,4.9,7.6,-115.42,43.88,25,25,0,0,0,100,0,1.58923520511658,2.33214389523559,2.02814824729229,7.5,173,7.5,10046,"NA TeG 3"
"317",7.5,"(7,8]",10.3,4.9,7.6,-115.81,41.38,26,26,0,0,0,100,0,1.58923520511658,2.33214389523559,2.02814824729229,7.5,178,7.5,10046,"NA TeG 3"
"323",7.5,"(7,8]",10.3,4.9,7.6,-116.71,35.6,41,40,1,0,0,97.56,2.44,1.58923520511658,2.33214389523559,2.02814824729229,7.5,176,7.5,10046,"NA TeG 3"
"333",7.5,"(7,8]",10.3,4.9,7.6,-116.66,43,32,31,1,0,0,96.88,3.12,1.58923520511658,2.33214389523559,2.02814824729229,7.5,173,7.5,10046,"NA TeG 3"
"343",7.5,"(7,8]",10.3,4.9,7.6,-116.64,45.8,32,32,0,0,0,100,0,1.58923520511658,2.33214389523559,2.02814824729229,7.5,173,7.5,10046,"NA TeG 3"
"353",7.5,"(7,8]",10.3,4.9,7.6,-117.44,39.2,38,38,0,0,0,100,0,1.58923520511658,2.33214389523559,2.02814824729229,7.5,178,7.5,10027,"NA TeF"
"363",7.5,"(7,8]",10.3,4.9,7.6,-117.12,46.15,16,15,1,0,0,93.75,6.25,1.58923520511658,2.33214389523559,2.02814824729229,7.5,173,7.5,10046,"NA TeG 3"
"373",7.5,"(7,8]",10.3,4.9,7.6,-117.19,44.81,20,19,1,0,0,95,5,1.58923520511658,2.33214389523559,2.02814824729229,7.5,173,7.5,10046,"NA TeG 3"
"383",7.5,"(7,8]",10.3,4.9,7.6,-117.55,46.16,11,11,0,0,0,100,0,1.58923520511658,2.33214389523559,2.02814824729229,7.5,173,7.5,10046,"NA TeG 3"
"393",7.5,"(7,8]",10.3,4.9,7.6,-118.04,46.05,17,17,0,0,0,100,0,1.58923520511658,2.33214389523559,2.02814824729229,7.5,173,7.5,10046,"NA TeG 3"
"403",7.5,"(7,8]",10.3,4.9,7.6,-118.95,37.95,10,9,1,0,0,90,10,1.58923520511658,2.33214389523559,2.02814824729229,7.5,176,7.5,10046,"NA TeG 3"
"417",7.5,"(7,8]",10.3,4.9,7.6,-120.24,38.27,21,19,2,0,0,90.48,9.52,1.58923520511658,2.33214389523559,2.02814824729229,7.5,176,7.5,10046,"NA TeG 3"
"423",7.5,"(7,8]",9,6.8,7.9,-57.78,-34.66,136,0,0,135,1,0.74,99.26,1.91692261218206,2.19722457733622,2.06686275947298,7.5,202,7.5,20027,"pampa"
"433",7.5,"(7,8]",9,6.8,7.9,-62.11,-38.19,36,0,0,34,2,5.56,94.44,1.91692261218206,2.19722457733622,2.06686275947298,7.5,202,7.5,20015,"Chaco"
"443",7.5,"(7,8]",9,6.8,7.9,-64.1,-37.23,32,0,0,31,1,3.12,96.88,1.91692261218206,2.19722457733622,2.06686275947298,7.5,291,7.5,20015,"Chaco"
"453",7.5,"(7,8]",9,6.8,7.9,-64.83,-27.7,21,0,0,21,0,0,100,1.91692261218206,2.19722457733622,2.06686275947298,7.5,291,7.5,20012,"Yungas"
"463",7.5,"(7,8]",10.3,4.9,7.6,-80.35,27.33,33,33,0,0,0,100,0,1.58923520511658,2.33214389523559,2.02814824729229,7.5,101,7.5,10027,"NA TeF"
"473",7.5,"(7,8]",10.3,4.9,7.6,-80.69,28.35,29,27,2,0,0,93.1,6.9,1.58923520511658,2.33214389523559,2.02814824729229,7.5,101,7.5,10027,"NA TeF"
"483",7.5,"(7,8]",10.3,4.9,7.6,-80.73,28.65,23,22,1,0,0,95.65,4.35,1.58923520511658,2.33214389523559,2.02814824729229,7.5,101,7.5,10027,"NA TeF"
"493",7.5,"(7,8]",10.3,4.9,7.6,-80.96,27.15,18,18,0,0,0,100,0,1.58923520511658,2.33214389523559,2.02814824729229,7.5,233,7.5,10027,"NA TeF"
"503",7.5,"(7,8]",10.3,4.9,7.6,-81.01,29.1,37,34,3,0,0,91.89,8.11,1.58923520511658,2.33214389523559,2.02814824729229,7.5,101,7.5,10027,"NA TeF"
"517",7.5,"(7,8]",10.3,4.9,7.6,-86.51,30.41,20,20,0,0,0,100,0,1.58923520511658,2.33214389523559,2.02814824729229,7.5,101,7.5,10027,"NA TeF"
"523",7.5,"(7,8]",10.3,4.9,7.6,-95.72,42.68,50,49,1,0,0,98,2,1.58923520511658,2.33214389523559,2.02814824729229,7.5,101,7.5,10024,"NA TeG 2"
"533",7.5,"(7,8]",10.3,4.9,7.6,-96.07,42.26,29,28,1,0,0,96.55,3.45,1.58923520511658,2.33214389523559,2.02814824729229,7.5,101,7.5,10024,"NA TeG 2"
"543",7.5,"(7,8]",10.3,4.9,7.6,-97.29,20.59,11,10,1,0,0,90.91,9.09,1.58923520511658,2.33214389523559,2.02814824729229,7.5,104,7.5,10027,"NA TeF"
"553",7.5,"(7,8]",10.3,4.9,7.6,-96.73,42.58,20,19,1,0,0,95,5,1.58923520511658,2.33214389523559,2.02814824729229,7.5,101,7.5,10024,"NA TeG 2"
"563",7.5,"(7,8]",10.3,4.9,7.6,-98.03,37.11,27,26,1,0,0,96.3,3.7,1.58923520511658,2.33214389523559,2.02814824729229,7.5,101,7.5,10024,"NA TeG 2"
"573",7.5,"(7,8]",10.3,4.9,7.6,-97.96,39.21,20,20,0,0,0,100,0,1.58923520511658,2.33214389523559,2.02814824729229,7.5,101,7.5,10024,"NA TeG 2"
"125",8.5,"(8,9]",11.608,5.333,8.47,-60.74,-39.7,22,0,0,22,0,0,100,1.67391393161847,2.45169451558189,2.13653050866396,8.5,202,8.5,20015,"Chaco"
"220",8.5,"(8,9]",11.608,5.333,8.47,-61.53,-39.58,29,0,0,29,0,0,100,1.67391393161847,2.45169451558189,2.13653050866396,8.5,202,8.5,20015,"Chaco"
"318",8.5,"(8,9]",11.608,5.333,8.47,-63.25,-36.67,16,0,0,15,1,6.25,93.75,1.67391393161847,2.45169451558189,2.13653050866396,8.5,291,8.5,20015,"Chaco"
"418",8.5,"(8,9]",11.608,5.333,8.47,-63.93,-20.02,13,0,0,13,0,0,100,1.67391393161847,2.45169451558189,2.13653050866396,8.5,201,8.5,20012,"Yungas"
"518",8.5,"(8,9]",11.608,5.333,8.47,-65.62,-29.32,22,0,0,22,0,0,100,1.67391393161847,2.45169451558189,2.13653050866396,8.5,291,8.5,20012,"Yungas"
"616",8.5,"(8,9]",11.608,5.333,8.47,-67.7,-18.19,11,0,0,11,0,0,100,1.67391393161847,2.45169451558189,2.13653050866396,8.5,201,8.5,10030,"A H"
"715",8.5,"(8,9]",11.608,5.333,8.47,-70.51,9.16,19,0,0,19,0,0,100,1.67391393161847,2.45169451558189,2.13653050866396,8.5,228,8.5,10015,"SA TrF 2"
"813",8.5,"(8,9]",11.608,5.333,8.47,-73.7,-8.36,17,0,0,17,0,0,100,1.67391393161847,2.45169451558189,2.13653050866396,8.5,201,8.5,10003,"SA TrF 1"
"126",9.5,"(9,10]",13.6,4.9,9.25,-98.35,43.11,14,14,0,0,0,100,0,1.58923520511658,2.61006979274201,2.22462355152433,9.5,101,9.5,10024,"NA TeG 2"
"224",9.5,"(9,10]",13.6,4.9,9.25,-99.54,41.13,30,30,0,0,0,100,0,1.58923520511658,2.61006979274201,2.22462355152433,9.5,101,9.5,10024,"NA TeG 2"
"319",9.5,"(9,10]",13.6,4.9,9.25,-100.13,41.35,18,17,1,0,0,94.44,5.56,1.58923520511658,2.61006979274201,2.22462355152433,9.5,101,9.5,10024,"NA TeG 2"
"419",9.5,"(9,10]",13.6,4.9,9.25,-100.74,41.06,15,15,0,0,0,100,0,1.58923520511658,2.61006979274201,2.22462355152433,9.5,101,9.5,10024,"NA TeG 2"
"519",9.5,"(9,10]",13.6,4.9,9.25,-102.83,41.31,14,14,0,0,0,100,0,1.58923520511658,2.61006979274201,2.22462355152433,9.5,101,9.5,10024,"NA TeG 2"
"617",9.5,"(9,10]",11.62,7.246,9.433,-65.43,-11.22,61,0,0,61,0,0,100,1.98044959247289,2.45272775142377,2.24421417966772,9.5,201,9.5,10003,"SA TrF 1"
"127",11.5,"(11,12]",13.6,10.3,11.95,-96.83,42.69,99,99,0,0,0,100,0,2.33214389523559,2.61006979274201,2.48073127837752,11.5,101,11.5,10024,"NA TeG 2"
"225",11.5,"(11,12]",13.6,10.3,11.95,-97.68,36.74,29,29,0,0,0,100,0,2.33214389523559,2.61006979274201,2.48073127837752,11.5,101,11.5,10024,"NA TeG 2"
"320",11.5,"(11,12]",13.6,10.3,11.95,-97.47,43.24,48,48,0,0,0,100,0,2.33214389523559,2.61006979274201,2.48073127837752,11.5,101,11.5,10024,"NA TeG 2"
"420",11.5,"(11,12]",13.6,10.3,11.95,-98.08,34.86,28,28,0,0,0,100,0,2.33214389523559,2.61006979274201,2.48073127837752,11.5,101,11.5,10024,"NA TeG 2"
"520",11.5,"(11,12]",13.6,10.3,11.95,-97.68,42.7,100,100,0,0,0,100,0,2.33214389523559,2.61006979274201,2.48073127837752,11.5,101,11.5,10024,"NA TeG 2"
"618",11.5,"(11,12]",13.6,10.3,11.95,-98.63,43.17,33,33,0,0,0,100,0,2.33214389523559,2.61006979274201,2.48073127837752,11.5,101,11.5,10024,"NA TeG 2"
"716",11.5,"(11,12]",13.6,10.3,11.95,-99.15,35.38,10,10,0,0,0,100,0,2.33214389523559,2.61006979274201,2.48073127837752,11.5,101,11.5,10024,"NA TeG 2"
"814",11.5,"(11,12]",13.6,10.3,11.95,-99.36,43,32,32,0,0,0,100,0,2.33214389523559,2.61006979274201,2.48073127837752,11.5,101,11.5,10024,"NA TeG 2"
"913",11.5,"(11,12]",13.6,10.3,11.95,-100.02,41.72,16,16,0,0,0,100,0,2.33214389523559,2.61006979274201,2.48073127837752,11.5,101,11.5,10024,"NA TeG 2"
"1013",11.5,"(11,12]",13.6,10.3,11.95,-100.68,42.44,27,26,1,0,0,96.3,3.7,2.33214389523559,2.61006979274201,2.48073127837752,11.5,101,11.5,10024,"NA TeG 2"
"1111",11.5,"(11,12]",13.6,10.3,11.95,-104.2,36.64,14,14,0,0,0,100,0,2.33214389523559,2.61006979274201,2.48073127837752,11.5,101,11.5,10027,"NA TeF"
"128",11.5,"(11,12]",13.6,10.3,11.95,-114.31,35.26,18,18,0,0,0,100,0,2.33214389523559,2.61006979274201,2.48073127837752,11.5,101,11.5,10027,"NA TeF"
"134",11.5,"(11,12]",13.6,10.3,11.95,-114.35,44.07,41,41,0,0,0,100,0,2.33214389523559,2.61006979274201,2.48073127837752,11.5,173,11.5,10027,"NA TeF"
"144",11.5,"(11,12]",13.6,10.3,11.95,-115.05,38.74,23,23,0,0,0,100,0,2.33214389523559,2.61006979274201,2.48073127837752,11.5,178,11.5,10027,"NA TeF"
"154",11.5,"(11,12]",13.6,10.3,11.95,-115.2,38.45,27,27,0,0,0,100,0,2.33214389523559,2.61006979274201,2.48073127837752,11.5,178,11.5,10027,"NA TeF"
"164",11.5,"(11,12]",13.6,10.3,11.95,-115.79,35.81,63,63,0,0,0,100,0,2.33214389523559,2.61006979274201,2.48073127837752,11.5,176,11.5,10027,"NA TeF"
"174",11.5,"(11,12]",13.6,10.3,11.95,-115.59,40.01,11,11,0,0,0,100,0,2.33214389523559,2.61006979274201,2.48073127837752,11.5,178,11.5,10027,"NA TeF"
"184",11.5,"(11,12]",13.6,10.3,11.95,-112.67,32.01,32,32,0,0,0,100,0,2.33214389523559,2.61006979274201,2.48073127837752,11.5,106,11.5,10027,"NA TeF"
"194",11.5,"(11,12]",13.6,10.3,11.95,-119.29,38.52,22,22,0,0,0,100,0,2.33214389523559,2.61006979274201,2.48073127837752,11.5,176,11.5,10027,"NA TeF"
"204",11.5,"(11,12]",13.6,10.3,11.95,-79.49,27.16,10,10,0,0,0,100,0,2.33214389523559,2.61006979274201,2.48073127837752,11.5,101,11.5,10027,"NA TeF"
"2110",11.5,"(11,12]",13.6,10.3,11.95,-80.11,28.93,33,33,0,0,0,100,0,2.33214389523559,2.61006979274201,2.48073127837752,11.5,101,11.5,10027,"NA TeF"
"226",11.5,"(11,12]",13.6,10.3,11.95,-80.55,29.79,14,14,0,0,0,100,0,2.33214389523559,2.61006979274201,2.48073127837752,11.5,101,11.5,10027,"NA TeF"
"234",11.5,"(11,12]",13.6,10.3,11.95,-95.26,28.45,29,29,0,0,0,100,0,2.33214389523559,2.61006979274201,2.48073127837752,11.5,101,11.5,10027,"NA TeF"
"244",11.5,"(11,12]",13.6,10.3,11.95,-94.92,42.29,56,56,0,0,0,100,0,2.33214389523559,2.61006979274201,2.48073127837752,11.5,101,11.5,10024,"NA TeG 2"
"254",11.5,"(11,12]",13.6,10.3,11.95,-95.52,39.97,23,23,0,0,0,100,0,2.33214389523559,2.61006979274201,2.48073127837752,11.5,101,11.5,10024,"NA TeG 2"
"264",11.5,"(11,12]",13.6,10.3,11.95,-96.48,38.8,13,13,0,0,0,100,0,2.33214389523559,2.61006979274201,2.48073127837752,11.5,101,11.5,10024,"NA TeG 2"
"274",11.5,"(11,12]",13.6,10.3,11.95,-96.5,39.78,18,18,0,0,0,100,0,2.33214389523559,2.61006979274201,2.48073127837752,11.5,101,11.5,10024,"NA TeG 2"
"284",11.5,"(11,12]",13.6,10.3,11.95,-96.83,38.99,27,27,0,0,0,100,0,2.33214389523559,2.61006979274201,2.48073127837752,11.5,101,11.5,10024,"NA TeG 2"
"129",12.5,"(12,13]",13.8,11.8,12.8,-70.93,-12.11,12,0,0,12,0,0,100,2.46809953147162,2.62466859216316,2.54944517092557,12.5,201,12.5,10003,"SATrF 1"
"227",12.5,"(12,13]",13.8,11.8,12.8,-71.56,-12.23,18,0,0,18,0,0,100,2.46809953147162,2.62466859216316,2.54944517092557,12.5,201,12.5,10003,"SATrF 1"
"324",12.5,"(12,13]",13.8,11.8,12.8,-73.07,1.63,57,0,0,57,0,0,100,2.46809953147162,2.62466859216316,2.54944517092557,12.5,201,12.5,10009,"SATrF 4"
"424",12.5,"(12,13]",13.82,11.62,12.72,-73.46,37.57,11,11,0,0,0,100,0,2.45272775142377,2.62611681833952,2.54317555791198,12.5,101,12.5,10027,"NA TeF"
"524",12.5,"(12,13]",13.82,11.62,12.72,-79.26,27.2,13,13,0,0,0,100,0,2.45272775142377,2.62611681833952,2.54317555791198,12.5,101,12.5,10027,"NA TeF"
"130",13.5,"(13,14]",15.97,10.3,13.135,-96.42,42.68,14,14,0,0,0,100,0,2.33214389523559,2.77071196222692,2.5752804231375,13.5,101,13.5,10024,"NA TeG 2"
"228",13.5,"(13,14]",15.97,10.3,13.135,-103.98,35.88,11,11,0,0,0,100,0,2.33214389523559,2.77071196222692,2.5752804231375,13.5,101,13.5,10027,"NA TeF"
"325",13.5,"(13,14]",15.97,11.608,13.789,-62.91,-23.67,26,0,0,26,0,0,100,2.45169451558189,2.77071196222692,2.6238711728596,13.5,201,13.5,20012,"Yungas (AH)"
"425",13.5,"(13,14]",15.97,11.608,13.789,-67.61,-42.14,15,0,0,15,0,0,100,2.45169451558189,2.77071196222692,2.6238711728596,13.5,291,13.5,20021,"Temperate forest"
"525",13.5,"(13,14]",15.97,11.608,13.789,-67.28,-51.75,38,0,0,38,0,0,100,2.45169451558189,2.77071196222692,2.6238711728596,13.5,280,13.5,20021,"Temperate forest"
"619",13.5,"(13,14]",15.97,11.608,13.789,-67.99,-42.75,12,0,0,12,0,0,100,2.45169451558189,2.77071196222692,2.6238711728596,13.5,291,13.5,20021,"Temperate forest"
"717",13.5,"(13,14]",15.97,10.3,13.135,-96.35,38.88,13,13,0,0,0,100,0,2.33214389523559,2.77071196222692,2.5752804231375,13.5,101,13.5,10024,"NA TeG 2"
"135",14.5,"(14,15]",15.97,13.6,14.785,-95.88,42.73,125,125,0,0,0,100,0,2.61006979274201,2.77071196222692,2.69361315330444,14.5,101,14.5,10024,"NA TeG 2"
"229",14.5,"(14,15]",15.97,13.6,14.785,-96.78,42.79,109,109,0,0,0,100,0,2.61006979274201,2.77071196222692,2.69361315330444,14.5,101,14.5,10024,"NA TeG 2"
"326",14.5,"(14,15]",15.97,13.6,14.785,-97.26,40.21,29,29,0,0,0,100,0,2.61006979274201,2.77071196222692,2.69361315330444,14.5,101,14.5,10024,"NA TeG 2"
"426",14.5,"(14,15]",15.97,13.6,14.785,-97.74,43.23,11,11,0,0,0,100,0,2.61006979274201,2.77071196222692,2.69361315330444,14.5,101,14.5,10024,"NA TeG 2"
"526",14.5,"(14,15]",15.97,13.6,14.785,-98.83,42.76,40,40,0,0,0,100,0,2.61006979274201,2.77071196222692,2.69361315330444,14.5,101,14.5,10024,"NA TeG 2"
"620",14.5,"(14,15]",15.97,13.6,14.785,-99.79,42.25,26,26,0,0,0,100,0,2.61006979274201,2.77071196222692,2.69361315330444,14.5,101,14.5,10024,"NA TeG 2"
"718",14.5,"(14,15]",15.97,13.6,14.785,-99.87,41.61,64,64,0,0,0,100,0,2.61006979274201,2.77071196222692,2.69361315330444,14.5,101,14.5,10024,"NA TeG 2"
"815",14.5,"(14,15]",15.97,13.6,14.785,-100.32,40.93,17,17,0,0,0,100,0,2.61006979274201,2.77071196222692,2.69361315330444,14.5,101,14.5,10024,"NA TeG 2"
"914",14.5,"(14,15]",15.97,13.6,14.785,-102.67,35.72,78,78,0,0,0,100,0,2.61006979274201,2.77071196222692,2.69361315330444,14.5,101,14.5,10027,"NA TeF"
"1014",14.5,"(14,15]",15.97,13.6,14.785,-101.63,49.4,52,52,0,0,0,100,0,2.61006979274201,2.77071196222692,2.69361315330444,14.5,101,14.5,10024,"NA TeG 2"
"1112",14.5,"(14,15]",15.97,13.6,14.785,-103.41,36.75,22,22,0,0,0,100,0,2.61006979274201,2.77071196222692,2.69361315330444,14.5,101,14.5,10027,"NA TeF"
"1210",14.5,"(14,15]",15.97,13.6,14.785,-106.25,46.18,15,15,0,0,0,100,0,2.61006979274201,2.77071196222692,2.69361315330444,14.5,101,14.5,10024,"NA TeG 2"
"136",14.5,"(14,15]",15.97,13.6,14.785,-106.71,44.29,20,20,0,0,0,100,0,2.61006979274201,2.77071196222692,2.69361315330444,14.5,199,14.5,10024,"NA TeG 2"
"145",14.5,"(14,15]",15.97,13.6,14.785,-107.04,46.34,30,30,0,0,0,100,0,2.61006979274201,2.77071196222692,2.69361315330444,14.5,101,14.5,10024,"NA TeG 2"
"155",14.5,"(14,15]",15.97,13.6,14.785,-108.92,46.89,17,17,0,0,0,100,0,2.61006979274201,2.77071196222692,2.69361315330444,14.5,160,14.5,10027,"NA TeF"
"165",14.5,"(14,15]",15.97,13.6,14.785,-109.44,45.5,17,17,0,0,0,100,0,2.61006979274201,2.77071196222692,2.69361315330444,14.5,160,14.5,10024,"NA TeG 2"
"175",14.5,"(14,15]",15.97,13.6,14.785,-113.59,35.59,99,99,0,0,0,100,0,2.61006979274201,2.77071196222692,2.69361315330444,14.5,101,14.5,10027,"NA TeF"
"185",14.5,"(14,15]",15.97,13.6,14.785,-113.66,38.76,18,18,0,0,0,100,0,2.61006979274201,2.77071196222692,2.69361315330444,14.5,178,14.5,10027,"NA TeF"
"195",14.5,"(14,15]",15.97,13.6,14.785,-113.48,44.26,62,62,0,0,0,100,0,2.61006979274201,2.77071196222692,2.69361315330444,14.5,173,14.5,10027,"NA TeF"
"205",14.5,"(14,15]",15.97,13.6,14.785,-113.96,41.78,19,19,0,0,0,100,0,2.61006979274201,2.77071196222692,2.69361315330444,14.5,178,14.5,10027,"NA TeF"
"2111",14.5,"(14,15]",15.97,13.6,14.785,-114.26,38.93,31,31,0,0,0,100,0,2.61006979274201,2.77071196222692,2.69361315330444,14.5,178,14.5,10027,"NA TeF"
"2210",14.5,"(14,15]",15.97,13.613,14.791,-115.04,36.01,15,15,0,0,0,100,0,2.61102521853034,2.77071196222692,2.69401888768923,14.5,176,14.5,10027,"NA TeF"
"235",14.5,"(14,15]",15.97,13.6,14.785,-114.76,43.41,18,18,0,0,0,100,0,2.61006979274201,2.77071196222692,2.69361315330444,14.5,173,14.5,10027,"NA TeF"
"245",14.5,"(14,15]",15.97,13.6,14.785,-111.96,32.19,25,25,0,0,0,100,0,2.61006979274201,2.77071196222692,2.69361315330444,14.5,106,14.5,10027,"NA TeF"
"255",14.5,"(14,15]",15.97,13.6,14.785,-116.91,36.88,15,15,0,0,0,100,0,2.61006979274201,2.77071196222692,2.69361315330444,14.5,176,14.5,10027,"NA TeF"
"265",14.5,"(14,15]",15.97,13.6,14.785,-117.04,37.33,13,13,0,0,0,100,0,2.61006979274201,2.77071196222692,2.69361315330444,14.5,176,14.5,10027,"NA TeF"
"275",14.5,"(14,15]",17.5,11.8,14.65,-68.45,-39.55,10,0,0,10,0,0,100,2.46809953147162,2.86220088092947,2.68444033546308,14.5,291,14.5,20021,"Temperate forest"
"285",14.5,"(14,15]",15.97,13.6,14.785,-78.78,27.15,14,14,0,0,0,100,0,2.61006979274201,2.77071196222692,2.69361315330444,14.5,101,14.5,10027,"NA TeF"
"294",14.5,"(14,15]",15.97,13.776,14.873,-79.85,29.7,15,15,0,0,0,100,0,2.62292794768537,2.77071196222692,2.69954748861046,14.5,101,14.5,10027,"NA TeF"
"304",14.5,"(14,15]",15.97,13.6,14.785,-81.33,29.85,13,13,0,0,0,100,0,2.61006979274201,2.77071196222692,2.69361315330444,14.5,101,14.5,10027,"NA TeF"
"3110",14.5,"(14,15]",15.97,13.6,14.785,-91.46,30.46,13,13,0,0,0,100,0,2.61006979274201,2.77071196222692,2.69361315330444,14.5,101,14.5,10027,"NA TeF"
"327",14.5,"(14,15]",15.97,13.6,14.785,-91.77,30.27,42,42,0,0,0,100,0,2.61006979274201,2.77071196222692,2.69361315330444,14.5,101,14.5,10027,"NA TeF"
"334",14.5,"(14,15]",15.97,13.6,14.785,-93.49,16.41,11,11,0,0,0,100,0,2.61006979274201,2.77071196222692,2.69361315330444,14.5,215,14.5,10018,"NA TrF1"
"344",14.5,"(14,15]",15.97,13.6,14.785,-94.06,42.43,80,80,0,0,0,100,0,2.61006979274201,2.77071196222692,2.69361315330444,14.5,101,14.5,10024,"NA TeG 2"
"354",14.5,"(14,15]",15.97,13.6,14.785,-94.26,42.99,24,24,0,0,0,100,0,2.61006979274201,2.77071196222692,2.69361315330444,14.5,101,14.5,10024,"NA TeG 2"
"364",14.5,"(14,15]",15.97,13.6,14.785,-94.71,39.93,50,50,0,0,0,100,0,2.61006979274201,2.77071196222692,2.69361315330444,14.5,101,14.5,10024,"NA TeG 2"
"374",14.5,"(14,15]",15.97,13.6,14.785,-94.77,42.81,51,51,0,0,0,100,0,2.61006979274201,2.77071196222692,2.69361315330444,14.5,101,14.5,10024,"NA TeG 2"
"384",14.5,"(14,15]",15.97,13.6,14.785,-95.14,39.97,16,16,0,0,0,100,0,2.61006979274201,2.77071196222692,2.69361315330444,14.5,101,14.5,10024,"NA TeG 2"
"394",14.5,"(14,15]",15.97,13.6,14.785,-95.16,43.36,25,25,0,0,0,100,0,2.61006979274201,2.77071196222692,2.69361315330444,14.5,101,14.5,10024,"NA TeG 2"
"137",15.5,"(15,16]",16.3,15.5,15.9,-68.12,-46.62,28,0,0,28,0,0,100,2.7408400239252,2.79116510781272,2.76631910922619,15.5,291,15.5,20021,"SA TeF"
"230",15.5,"(15,16]",16.3,15.5,15.9,-72.46,1.22,29,0,0,29,0,0,100,2.7408400239252,2.79116510781272,2.76631910922619,15.5,201,15.5,10009,"SA TrF 4"
"138",16.5,"(16,17]",17.5,16.3,16.9,-65.57,-53.23,154,0,0,154,0,0,100,2.79116510781272,2.86220088092947,2.82731362192903,16.5,280,16.5,20021,"SA TeF"
"236",16.5,"(16,17]",17.5,16.3,16.9,-66.08,-20.86,13,0,0,13,0,0,100,2.79116510781272,2.86220088092947,2.82731362192903,16.5,201,16.5,10033,"SA TrF 3"
"328",16.5,"(16,17]",17.5,16.3,16.9,-66.14,-52.32,13,0,0,13,0,0,100,2.79116510781272,2.86220088092947,2.82731362192903,16.5,280,16.5,20021,"SA TeF"
"427",16.5,"(16,17]",17.5,16.3,16.9,-66.22,-50.68,17,0,0,17,0,0,100,2.79116510781272,2.86220088092947,2.82731362192903,16.5,280,16.5,20021,"SA TeF"
"527",16.5,"(16,17]",17.5,16.3,16.9,-66.91,-52.33,28,0,0,28,0,0,100,2.79116510781272,2.86220088092947,2.82731362192903,16.5,280,16.5,20021,"SA TeF"
"622",16.5,"(16,17]",17.5,16.3,16.9,-68.95,-49.09,32,0,0,32,0,0,100,2.79116510781272,2.86220088092947,2.82731362192903,16.5,280,16.5,20021,"SA TeF"
"139",17.5,"(17,18]",20.43,13.6,17.015,-113.06,35.57,16,16,0,0,0,100,0,2.61006979274201,3.01700440882953,2.83409530795287,17.5,101,17.5,10027,"NA TeF"
"237",17.5,"(17,18]",20.43,13.6,17.015,-114.43,36.08,27,27,0,0,0,100,0,2.61006979274201,3.01700440882953,2.83409530795287,17.5,176,17.5,10027,"NA TeF"
"140",18.5,"(18,19]",20.43,15.97,18.2,-96.91,43.38,53,53,0,0,0,100,0,2.77071196222692,3.01700440882953,2.90142159408275,18.5,101,18.5,10024,"NATeG 2"
"238",18.5,"(18,19]",20.43,15.97,18.2,-97.15,42.82,29,29,0,0,0,100,0,2.77071196222692,3.01700440882953,2.90142159408275,18.5,101,18.5,10024,"NATeG 2"
"329",18.5,"(18,19]",20.43,15.97,18.2,-98.67,42.51,171,171,0,0,0,100,0,2.77071196222692,3.01700440882953,2.90142159408275,18.5,101,18.5,10024,"NATeG 2"
"428",18.5,"(18,19]",20.43,15.97,18.2,-98.46,41,34,34,0,0,0,100,0,2.77071196222692,3.01700440882953,2.90142159408275,18.5,101,18.5,10024,"NATeG 2"
"528",18.5,"(18,19]",20.43,15.97,18.2,-98.29,41.84,18,18,0,0,0,100,0,2.77071196222692,3.01700440882953,2.90142159408275,18.5,101,18.5,10024,"NATeG 2"
"623",18.5,"(18,19]",20.43,15.97,18.2,-99.47,41,18,18,0,0,0,100,0,2.77071196222692,3.01700440882953,2.90142159408275,18.5,101,18.5,10024,"NATeG 2"
"719",18.5,"(18,19]",20.43,15.97,18.2,-100.33,41.54,12,12,0,0,0,100,0,2.77071196222692,3.01700440882953,2.90142159408275,18.5,101,18.5,10024,"NATeG 2"
"816",18.5,"(18,19]",20.43,15.97,18.2,-102.16,43.54,23,23,0,0,0,100,0,2.77071196222692,3.01700440882953,2.90142159408275,18.5,101,18.5,10024,"NATeG 2"
"915",18.5,"(18,19]",20.43,15.97,18.2,-102.68,36.05,23,23,0,0,0,100,0,2.77071196222692,3.01700440882953,2.90142159408275,18.5,101,18.5,10027,"NA TeF"
"1015",18.5,"(18,19]",20.43,15.97,18.2,-103.26,43.59,33,33,0,0,0,100,0,2.77071196222692,3.01700440882953,2.90142159408275,18.5,101,18.5,10027,"NA TeF"
"1113",18.5,"(18,19]",20.43,15.97,18.2,-103.4,50.09,45,45,0,0,0,100,0,2.77071196222692,3.01700440882953,2.90142159408275,18.5,101,18.5,10027,"NA TeF"
"1211",18.5,"(18,19]",20.43,15.97,18.2,-112.8,35.63,15,15,0,0,0,100,0,2.77071196222692,3.01700440882953,2.90142159408275,18.5,101,18.5,10027,"NA TeF"
"1310",18.5,"(18,19]",20.43,15.97,18.2,-112.86,33.9,24,24,0,0,0,100,0,2.77071196222692,3.01700440882953,2.90142159408275,18.5,106,18.5,10027,"NA TeF"
"146",18.5,"(18,19]",20.43,15.97,18.2,-111.71,32.97,13,13,0,0,0,100,0,2.77071196222692,3.01700440882953,2.90142159408275,18.5,106,18.5,10027,"NA TeF"
"156",18.5,"(18,19]",20.43,15.97,18.2,-114.67,45.65,11,11,0,0,0,100,0,2.77071196222692,3.01700440882953,2.90142159408275,18.5,173,18.5,10027,"NA TeF"
"166",18.5,"(18,19]",20.43,15.97,18.2,-115,42.65,29,29,0,0,0,100,0,2.77071196222692,3.01700440882953,2.90142159408275,18.5,178,18.5,10027,"NA TeF"
"176",18.5,"(18,19]",20.43,15.97,18.2,-115.22,45.86,12,12,0,0,0,100,0,2.77071196222692,3.01700440882953,2.90142159408275,18.5,173,18.5,10027,"NA TeF"
"186",18.5,"(18,19]",20.43,15.97,18.2,-71.25,38.03,20,20,0,0,0,100,0,2.77071196222692,3.01700440882953,2.90142159408275,18.5,101,18.5,10027,"NA TeF"
"196",18.5,"(18,19]",20.43,15.97,18.2,-80.25,5.59,18,16,2,0,0,88.89,11.11,2.77071196222692,3.01700440882953,2.90142159408275,NA,NA,18.5,10043,"NA TrF 3"
"206",18.5,"(18,19]",20.43,15.97,18.2,-78.29,29.05,13,13,0,0,0,100,0,2.77071196222692,3.01700440882953,2.90142159408275,18.5,101,18.5,10027,"NA TeF"
"2112",18.5,"(18,19]",20.43,15.97,18.2,-78.8,28.87,28,28,0,0,0,100,0,2.77071196222692,3.01700440882953,2.90142159408275,18.5,101,18.5,10027,"NA TeF"
"2211",18.5,"(18,19]",20.43,15.97,18.2,-80.63,29.76,11,11,0,0,0,100,0,2.77071196222692,3.01700440882953,2.90142159408275,18.5,101,18.5,10027,"NA TeF"
"239",18.5,"(18,19]",20.43,15.97,18.2,-91.77,30.1,21,21,0,0,0,100,0,2.77071196222692,3.01700440882953,2.90142159408275,18.5,101,18.5,10027,"NA TeF"
"246",18.5,"(18,19]",20.43,15.97,18.2,-92.18,29.92,24,24,0,0,0,100,0,2.77071196222692,3.01700440882953,2.90142159408275,18.5,101,18.5,10027,"NA TeF"
"147",19.5,"(19,20]",21,17.5,19.25,-61.37,-45.68,22,0,0,22,0,0,100,2.86220088092947,3.04452243772342,2.95751106073379,19.5,291,19.5,20021,"SA TeF"
"240",19.5,"(19,20]",23.03,15.97,19.5,-63.61,-41.69,16,0,0,16,0,0,100,2.77071196222692,3.13679771383259,2.9704144655697,19.5,291,19.5,20021,"SA TeF"
"330",19.5,"(19,20]",23.03,15.97,19.5,-64.4,-48.24,22,0,0,22,0,0,100,2.77071196222692,3.13679771383259,2.9704144655697,19.5,291,19.5,20021,"SA TeF"
"429",19.5,"(19,20]",21,17.5,19.25,-64.74,-48.1,68,0,0,68,0,0,100,2.86220088092947,3.04452243772342,2.95751106073379,19.5,291,19.5,20021,"SA TeF"
"529",19.5,"(19,20]",23.03,15.97,19.5,-64.71,-53.68,69,0,0,69,0,0,100,2.77071196222692,3.13679771383259,2.9704144655697,19.5,280,19.5,20021,"SA TeF"
"624",19.5,"(19,20]",23.03,15.97,19.5,-65.52,-41.53,23,0,0,23,0,0,100,2.77071196222692,3.13679771383259,2.9704144655697,19.5,291,19.5,20021,"SA TeF"
"720",19.5,"(19,20]",23.03,15.97,19.5,-65.88,-51.49,10,0,0,10,0,0,100,2.77071196222692,3.13679771383259,2.9704144655697,19.5,280,19.5,20021,"SA TeF"
"817",19.5,"(19,20]",23.03,15.97,19.5,-66.58,-49.6,37,0,0,37,0,0,100,2.77071196222692,3.13679771383259,2.9704144655697,19.5,280,19.5,20021,"SA TeF"
"916",19.5,"(19,20]",23.03,15.97,19.5,-69.96,7.66,11,0,0,11,0,0,100,2.77071196222692,3.13679771383259,2.9704144655697,19.5,228,19.5,10015,"SA TrF 2"
"148",21.5,"(21,22]",23.03,20.44,21.735,-88.46,30.59,21,21,0,0,0,100,0,3.0174937653355,3.13679771383259,3.07892386444076,21.5,101,21.5,10027,"NA TeF"
